date,bdi,Mode00,Mode01,Mode02,Mode03,Mode04,Mode05,Mode06,Mode07,Mode08,Mode09,Mode10
2018/9/21,1413.0,-1.0149075,18.274471,9.713106,-27.99555,-161.89958,-21.112354,151.48474,137.39113,387.15204,-383.79175,1255.6879
2018/9/22,1413.0,-8.384219,9.48792,12.382363,-18.402613,-157.4423,-54.506462,163.72696,146.24121,409.12234,-430.05542,1280.0001
2018/9/23,1413.0,-1.165895,4.323957,30.990559,4.5146675,-148.5773,-53.39942,154.22821,120.28396,422.47937,-447.74622,1302.3188
2018/9/24,1434.0,5.9375367,6.2397513,21.490059,9.054542,-145.1329,-67.09989,153.27411,148.76552,382.41656,-399.2834,1270.591
2018/9/25,1450.0,-5.0060315,-6.236861,22.624155,24.735394,-132.45883,-64.430626,146.09753,150.81703,365.31354,-355.97888,1243.1588
2018/9/26,1503.0,-1.2413691,2.8507297,33.161716,20.866407,-119.530136,-68.46619,151.58554,142.50931,377.25235,-358.27466,1237.6044
2018/9/27,1524.0,-4.0272646,12.552962,30.136839,38.64543,-94.774734,-92.972015,160.96606,145.18228,361.77237,-364.0509,1253.4586
2018/9/28,1540.0,-4.248992,26.062143,38.92964,55.091045,-97.892654,-99.17572,153.0242,120.3817,417.74646,-419.3282,1292.5288
2018/9/29,1540.0,-2.3171108,0.41467267,42.671833,61.285824,-69.725075,-87.60072,153.3804,124.51418,413.64392,-422.87384,1283.5317
2018/9/30,1540.0,-3.2578578,1.3982743,30.501348,73.64822,-63.555443,-83.12824,146.09116,156.53699,394.41528,-398.16882,1253.0201
2018/10/1,1555.0,4.912647,6.160055,20.989109,77.69822,-46.286007,-100.02479,147.20752,142.94913,364.10583,-362.4781,1264.0121
2018/10/2,1570.0,0.07241638,-6.4208865,23.545527,81.133125,-35.4605,-96.93101,154.52466,147.19267,372.36127,-393.2508,1276.6272
2018/10/3,1574.0,-1.0522925,-7.3309617,13.442409,84.59962,-21.88748,-104.17281,145.67319,139.40427,396.28876,-410.45874,1286.4883
2018/10/4,1554.0,0.2596348,6.254998,-0.60979015,82.8797,2.0651767,-105.86513,142.98767,126.18553,390.56833,-358.83826,1258.1005
2018/10/5,1536.0,-3.597228,-3.6113615,-3.864081,78.770325,-3.2482228,-103.3964,144.88788,138.90918,374.72894,-333.74774,1235.3289
2018/10/6,1536.0,-2.1475916,-5.3754997,-15.226907,58.815125,23.867785,-101.97917,130.64188,146.22267,414.14523,-403.69348,1270.9705
2018/10/7,1536.0,2.1974924,-10.388933,-10.965603,51.63751,35.285896,-111.14796,147.07068,139.67065,392.21497,-371.88892,1258.4462
2018/10/8,1530.0,6.2166395,2.325011,-16.304012,41.67238,46.335423,-104.880295,138.59161,130.3356,437.94165,-425.57886,1282.1031
2018/10/9,1503.0,-5.4993587,0.59413844,-15.12876,38.511757,36.349182,-103.89635,137.95767,137.54309,422.8468,-419.26276,1283.9869
2018/10/10,1493.0,2.5541153,-2.7797208,-21.535927,9.057106,48.756386,-113.40352,129.51102,144.30434,389.91504,-359.08093,1254.6517
2018/10/11,1515.0,-2.001224,-10.236326,-27.390942,4.9705405,54.857704,-105.52483,124.75559,146.6877,360.9626,-320.5558,1238.5695
2018/10/12,1579.0,0.27644604,-0.35369384,-27.741747,-17.581356,55.843376,-106.00272,133.69507,126.90932,407.83105,-383.7138,1276.4125
2018/10/13,1579.0,-3.7874258,17.261415,2.3873358,-7.979319,55.958958,-105.68413,114.616844,151.6795,400.14145,-389.73157,1277.1965
2018/10/14,1579.0,-1.1667517,19.625677,18.252779,-16.838085,70.20041,-103.77195,117.990776,135.68521,403.67175,-365.16364,1266.7213
2018/10/15,1584.0,-4.1446514,-1.4123046,28.944553,-3.966182,58.379494,-98.644554,118.92173,130.35172,444.76782,-433.62732,1300.8319
2018/10/16,1578.0,0.6256249,3.9324093,29.965963,-2.5583456,67.1785,-90.572014,110.06452,138.08282,419.02393,-397.937,1284.4563
2018/10/17,1554.0,0.3359269,-0.022316758,22.787573,-0.89454836,71.80551,-94.17622,108.8615,140.38126,440.39822,-438.5968,1309.7529
2018/10/18,1565.0,1.3386925,-8.608527,9.38913,10.747107,57.790855,-81.1276,101.484566,140.88472,386.67874,-356.94086,1271.5791
2018/10/19,1576.0,-0.9982705,-2.5797563,13.427258,4.4964204,78.266365,-86.47736,94.17388,154.9617,398.05127,-357.7854,1259.621
2018/10/20,1576.0,-2.6291502,-5.998015,0.05617708,-0.20832962,72.6262,-82.282005,99.98664,146.16524,398.21646,-364.44202,1270.6975
2018/10/21,1576.0,2.8286307,8.532554,-10.824204,9.596029,72.485916,-76.23145,98.258995,152.1048,410.56628,-375.59387,1261.7144
2018/10/22,1579.0,4.679971,-2.4440517,4.800221,13.893052,70.28989,-69.473,99.38657,130.90205,404.2878,-369.3374,1281.1687
2018/10/23,1577.0,3.3319235,2.2294073,6.7193604,4.61138,75.78577,-55.528236,75.42544,146.84222,427.72394,-388.82867,1280.4751
2018/10/24,1546.0,-0.41250047,-4.1065445,3.8393288,0.38238254,57.51715,-57.450817,83.027504,155.4782,402.04486,-380.11603,1284.914
2018/10/25,1516.0,5.194341,-7.5002747,-13.552825,9.035103,58.64654,-54.26663,86.04522,137.51656,411.90662,-369.1507,1277.6206
2018/10/26,1519.0,-3.12995,-8.099278,-12.058941,-12.886512,53.688213,-48.997154,75.5048,163.69835,416.47485,-369.78552,1262.2102
2018/10/27,1519.0,2.787011,-8.043376,-15.932853,-17.941952,50.75035,-47.324333,72.30067,155.29822,373.94104,-322.8026,1256.6726
2018/10/28,1519.0,-2.5747092,-3.767862,-9.903639,-19.934362,36.641594,-40.084705,69.39175,158.27739,387.41876,-338.38025,1256.2623
2018/10/29,1522.0,2.1128676,0.86278725,-34.118507,-16.030771,32.75521,-47.27871,65.38032,158.22453,400.00647,-354.2981,1271.6278
2018/10/30,1513.0,0.59960806,5.1192,-12.643466,-26.599741,26.053217,-28.95467,55.299698,163.85997,408.7856,-364.89032,1269.9952
2018/10/31,1490.0,3.8061333,5.3244343,2.2082171,-30.946306,25.601936,-42.516983,61.745872,156.03354,417.18884,-376.15332,1277.2883
2018/11/1,1470.0,0.8964453,5.133761,-12.632256,-29.753834,15.741685,-31.699831,54.76169,162.28899,382.86237,-340.95612,1270.7382
2018/11/2,1457.0,0.98216116,-16.584831,-7.521577,-35.48467,9.897711,-23.791061,48.050995,181.13348,386.45908,-354.5451,1262.4457
2018/11/3,1457.0,3.9075823,-5.6111937,-14.829994,-36.861668,0.09274912,-33.830414,60.143936,164.99478,375.0622,-340.4809,1269.0494
2018/11/4,1457.0,0.3131805,5.271505,-23.784267,-40.582493,-3.1485164,-30.102036,47.118233,144.72829,400.468,-326.9497,1255.6759
2018/11/5,1428.0,2.5006874,6.37205,-12.796307,-39.39053,-6.5781393,-35.394524,51.25125,158.8336,406.20688,-349.3963,1261.6725
2018/11/6,1395.0,-0.21012211,2.6900873,-20.481823,-41.29473,-21.942839,-30.083643,41.20366,168.3384,385.56415,-343.90338,1269.0302
2018/11/7,1304.0,3.978921,-14.53855,-16.821848,-48.342426,-19.738115,-31.408484,43.318382,171.06407,388.11008,-357.34198,1272.1198
2018/11/8,1231.0,6.7712092,-19.838,-36.700417,-57.008877,-34.274685,-31.707724,43.029663,149.8153,425.08197,-383.38757,1283.7948
2018/11/9,1147.0,8.603039,-39.69755,-47.34754,-60.626114,-37.343895,-53.859608,46.624023,163.82047,418.95038,-399.88702,1292.7898
2018/11/10,1147.0,9.298961,-35.318333,-78.64668,-88.08473,-63.66598,-42.080254,43.956245,164.88087,378.54495,-329.9167,1250.5343
2018/11/11,1147.0,3.930674,-20.83117,-92.64842,-100.97131,-72.19499,-61.707085,40.04371,156.38408,406.47043,-362.47327,1266.2971
2018/11/12,1125.0,0.5455859,-8.833804,-73.69478,-117.05517,-96.0167,-78.07612,47.848686,164.39294,392.6776,-386.43176,1293.8754
2018/11/13,1064.0,4.047095,2.4891183,-69.08361,-116.498184,-101.343735,-86.87551,47.25232,152.4981,413.39725,-379.2787,1273.8109
2018/11/14,1009.0,8.295505,-4.7666173,-45.595642,-128.30437,-129.85492,-102.904396,55.124924,150.69966,400.62106,-362.22046,1265.1013
2018/11/15,1020.0,8.822502,-13.655825,-50.155144,-131.57828,-146.43501,-118.68495,53.0327,148.16862,386.89642,-335.74,1246.0775
2018/11/16,1031.0,-4.1794047,-20.244457,-56.2693,-128.23683,-154.04942,-135.725,44.3227,155.26419,418.71683,-398.609,1278.9795
2018/11/17,1031.0,9.196479,0.21865608,-16.279776,-134.18263,-172.23032,-150.8562,57.130165,148.28383,390.44113,-372.90826,1273.0035
2018/11/18,1031.0,1.1471262,11.1659975,-22.2044,-117.37883,-185.68721,-165.37793,56.53228,135.75612,389.51373,-344.43414,1249.3445
2018/11/19,1023.0,5.6043105,16.327955,-12.510528,-112.56186,-194.63026,-171.31558,46.024918,158.95528,418.44937,-402.54712,1272.9679
2018/11/20,1003.0,-1.9679513,-2.6528666,5.7792387,-100.59,-199.511,-184.36105,52.73462,120.952736,384.99432,-351.7157,1264.8827
2018/11/21,1008.0,0.98774433,-14.983836,20.365189,-77.913475,-217.3095,-203.52277,47.303856,152.14903,417.9396,-427.93445,1290.6426
2018/11/22,1018.0,2.5195215,1.8923225,28.42687,-82.22675,-212.55234,-220.88652,55.75168,149.88153,369.91934,-357.9367,1255.37
2018/11/23,1093.0,0.24722359,-4.634186,17.64697,-47.76607,-221.34282,-217.40135,36.663857,143.2962,395.68008,-360.66425,1250.1603
2018/11/24,1093.0,-8.866187,24.737871,9.764543,-42.60743,-218.33417,-227.12334,58.674263,116.06745,382.54083,-331.37628,1235.3851
2018/11/25,1093.0,2.4928336,25.319143,45.737617,-10.604701,-211.6038,-229.05914,26.881493,137.50923,379.75027,-365.23218,1274.0739
2018/11/26,1217.0,2.8798723,20.424934,46.600803,21.138302,-204.76813,-243.4381,28.642456,133.5083,407.73306,-384.02545,1260.9392
2018/11/27,1339.0,-10.18139,16.251242,64.5745,39.322433,-193.43716,-237.39825,22.585457,133.39815,404.6064,-381.66534,1263.0914
2018/11/28,1330.0,-12.814209,43.18621,69.01253,75.93075,-175.87054,-237.50725,25.784225,130.39044,385.94638,-375.9478,1272.644
2018/11/29,1281.0,-1.6181698,43.02546,73.41962,105.40781,-152.58008,-236.78972,24.520416,115.28863,423.82083,-412.9478,1282.3746
2018/11/30,1231.0,8.844163,1.3845519,92.3885,132.8869,-128.67421,-243.55403,16.543304,130.60551,367.9002,-336.66217,1252.2355
2018/12/1,1231.0,11.71145,-31.501324,56.18891,138.13005,-110.41722,-245.0295,12.808975,126.2165,388.18652,-354.25146,1254.9218
2018/12/2,1231.0,4.653829,-28.969177,13.071484,133.5593,-76.06557,-243.16002,2.2852325,112.90149,388.72937,-336.3346,1247.707
2018/12/3,1203.0,4.3942723,-17.793623,-13.667467,139.66316,-68.08462,-249.70984,-4.8977165,133.5111,397.25958,-388.987,1277.5339
2018/12/4,1237.0,5.898625,-6.709749,-19.795616,115.31874,-37.911186,-245.33142,-9.539654,139.74548,413.03687,-402.0415,1268.6014
2018/12/5,1296.0,-0.4057431,11.060373,-32.02351,106.098434,-28.00744,-253.6957,8.902054,123.47261,371.6644,-360.98993,1266.6014
2018/12/6,1339.0,-8.254964,19.979902,-26.147125,90.02256,-12.383125,-246.80818,-6.3810425,112.31121,411.95172,-392.23328,1279.1411
2018/12/7,1372.0,-7.7199054,25.742924,-2.7009149,83.39544,7.5198708,-244.22969,-14.761604,116.86656,395.2132,-372.6314,1271.1077
2018/12/8,1372.0,-3.3027825,28.792292,22.338692,89.388275,23.772528,-251.30266,-2.262642,119.45752,393.5535,-369.26276,1261.6224
2018/12/9,1372.0,-0.6198437,10.349982,46.451683,76.70779,40.93888,-228.0435,-12.776077,115.732796,398.17593,-370.4541,1265.3817
2018/12/10,1385.0,0.31523073,-6.9374876,42.786827,93.11559,46.18819,-231.02533,-2.8136673,120.72659,400.9081,-368.0844,1248.7074
2018/12/11,1364.0,-4.4115486,-11.230504,40.696075,77.73022,65.33477,-229.91417,-16.325863,123.332535,360.32294,-327.31934,1259.2893
2018/12/12,1353.0,-1.1335261,-9.585224,20.676556,93.841675,66.11862,-219.30624,-21.477367,127.58186,400.3665,-372.19678,1269.908
2018/12/13,1365.0,2.7523959,-9.595141,-4.772076,82.223045,76.64877,-216.73611,-4.918556,123.2106,404.09726,-398.22638,1275.6757
2018/12/14,1401.0,-3.6106398,3.245457,-8.107662,68.37564,82.02575,-196.21706,-28.967266,127.013016,402.89035,-387.4063,1271.2958
2018/12/15,1401.0,-2.5072267,6.854319,-15.719669,67.81959,103.034676,-204.20566,-4.275421,113.096,387.25943,-359.48987,1262.7146
2018/12/16,1401.0,-4.8535805,9.98795,0.50177073,64.46316,102.778046,-190.92128,-21.276844,112.420746,400.3603,-360.26556,1255.5051
2018/12/17,1406.0,-3.4581435,10.755189,-4.413808,54.00899,109.16423,-190.94513,-13.250229,111.48387,413.1092,-401.77966,1288.5872
2018/12/18,1395.0,5.6912427,13.762008,-2.68939,34.380917,121.06705,-174.525,-29.35371,129.81429,391.92175,-370.3532,1258.9635
2018/12/19,1378.0,2.7327802,-1.4906087,8.070143,25.472614,125.71227,-157.69397,-24.841297,115.082466,446.1643,-433.33875,1284.2136
2018/12/20,1318.0,-2.435331,-2.5299988,-10.824612,34.92257,113.56374,-145.0078,-26.483261,109.38132,406.66385,-393.81897,1284.1678
2018/12/21,1279.0,6.9291716,-6.2646284,-2.6591196,12.175346,122.552765,-154.52007,-21.777424,124.54141,390.19296,-377.55743,1274.1794
2018/12/22,1279.0,5.690943,-25.617764,-26.456402,-4.295959,123.2778,-136.59573,-34.53669,125.23167,386.92822,-360.54633,1257.8054
2018/12/23,1279.0,1.2759115,-3.0595388,-48.98462,-20.672604,102.245285,-117.36974,-53.039024,128.2631,381.4895,-369.98352,1275.8002
2018/12/24,1271.0,-6.182699,6.7258854,-56.85408,-37.578323,105.95483,-122.70517,-48.570145,125.76373,400.35126,-384.8355,1271.5543
2018/12/25,1271.0,0.859915,8.229333,-37.852104,-50.754623,87.57562,-98.74856,-58.16139,103.48643,407.73618,-384.95612,1283.055
2018/12/26,1271.0,0.5915619,-3.9630933,-18.46618,-68.49142,78.721245,-93.22561,-62.995148,117.62717,403.7227,-391.52075,1281.339
2018/12/27,1271.0,-2.7063324,2.222025,-20.745844,-68.00784,60.08474,-77.86031,-72.875015,119.79051,416.68518,-404.1695,1276.8405
2018/12/28,1271.0,-1.1296849,1.8015771,4.4175873,-74.120895,62.61051,-76.5901,-69.7637,111.65583,397.7134,-360.5174,1253.6354
2018/12/29,1271.0,-5.4672527,-0.7267037,7.775642,-70.83132,50.639317,-76.24829,-73.37437,123.181114,381.8894,-370.41083,1272.0958
2018/12/30,1271.0,2.6305034,11.661966,5.175374,-50.86995,35.534653,-55.52504,-80.80898,113.56843,387.4009,-352.2149,1251.2551
2018/12/31,1271.0,2.7149563,4.5381436,14.42808,-60.917747,26.980312,-56.643265,-84.08371,118.17949,383.68353,-356.8512,1257.4559
2019/1/1,1271.0,-4.917441,-0.6564831,9.327182,-48.086983,23.840435,-61.12648,-78.63258,103.99616,397.63806,-368.04065,1269.0454
2019/1/2,1282.0,1.7485254,-9.394804,13.894194,-49.590492,26.204464,-65.77184,-73.49191,104.18746,420.85025,-409.14648,1288.55
2019/1/3,1267.0,0.6647222,-7.5055065,20.097319,-44.09231,17.399092,-40.796047,-90.01988,93.17623,386.51392,-349.4699,1267.4905
2019/1/4,1260.0,2.4139812,-2.9040215,26.007702,-27.133833,7.485963,-57.35121,-79.58322,94.911026,360.26346,-324.56744,1262.9536
2019/1/5,1260.0,4.3059764,-3.0881078,-1.6031631,-6.678851,2.0803225,-39.99528,-93.953896,99.34304,396.72668,-345.73254,1248.446
2019/1/6,1260.0,9.633421,5.083666,1.6740001,-23.600836,0.12119341,-38.645725,-96.03234,87.81821,444.28836,-430.7215,1302.1335
2019/1/7,1247.0,-4.164474,4.5963225,-4.4280796,-16.730814,-3.6363006,-34.23867,-89.76085,91.80284,385.9133,-356.65228,1271.699
2019/1/8,1262.0,-3.2058096,-4.229183,-8.038508,-11.0878,-11.972015,-44.873997,-89.93033,92.4851,386.97894,-355.15063,1271.4473
2019/1/9,1238.0,0.46036026,-2.2758124,-2.757294,-9.417652,-15.926849,-39.591087,-92.39197,84.41251,404.7548,-379.3142,1282.9417
2019/1/10,1189.0,3.3277376,4.3040314,-0.358886,-4.1031284,-24.196814,-21.37129,-96.71148,90.76815,440.75125,-435.44916,1299.1083
2019/1/11,1169.0,4.1265016,-9.663824,-12.499704,-9.397117,-24.642479,-30.957067,-97.95036,83.858406,426.56732,-404.64325,1287.9957
2019/1/12,1169.0,1.2709959,-14.245998,-31.543291,-18.61486,-29.28937,-30.503807,-107.434685,87.19742,377.2453,-347.0094,1274.9438
2019/1/13,1169.0,0.5856503,-7.698748,-33.634136,-16.094799,-43.85696,-31.11054,-102.51944,92.83109,401.487,-370.9989,1266.0077
2019/1/14,1147.0,0.33303308,1.2652614,-36.273533,-29.425116,-37.592716,-32.474236,-95.214195,73.54247,366.1266,-313.7431,1253.3309
2019/1/15,1096.0,7.731405,-2.4512837,-25.419323,-29.195127,-50.876225,-30.188227,-114.007706,84.95189,421.53937,-400.8692,1291.9034
2019/1/16,1055.0,9.967344,-6.1213255,-15.784358,-33.623055,-56.34931,-51.490673,-99.33499,82.62735,361.43903,-305.04724,1246.4626
2019/1/17,1077.0,5.3095927,-21.73496,-25.970734,-54.033455,-55.640965,-57.711617,-97.73915,99.001274,357.9279,-346.1156,1268.72
2019/1/18,1112.0,2.0536065,-9.47058,-29.38075,-60.624634,-60.37384,-58.335987,-99.94794,77.80458,365.94943,-323.09766,1260.9017
2019/1/19,1112.0,-4.514126,12.24675,-42.58284,-56.5673,-70.71237,-62.751392,-97.0383,76.99176,393.50305,-351.1006,1263.5815
2019/1/20,1112.0,-5.2349324,31.614887,-11.621686,-49.720177,-77.69937,-75.54882,-93.57125,80.04943,386.5926,-372.52136,1285.747
2019/1/21,1092.0,-0.8045609,5.9295855,0.73412603,-50.749268,-79.98016,-80.950714,-106.80034,70.33761,387.5714,-342.0907,1269.9718
2019/1/22,1036.0,1.7372668,-5.4908843,20.1904,-37.378445,-87.78032,-69.6813,-107.503426,69.228195,428.4046,-409.60803,1298.4824
2019/1/23,982.0,-0.32098275,-16.689224,-1.566677,-39.288296,-84.71877,-90.075615,-101.579254,60.777122,413.35617,-372.82788,1278.4319
2019/1/24,939.0,5.373745,-31.666208,-0.41703892,-41.182644,-89.76959,-101.774086,-97.5381,59.89901,391.865,-346.45514,1271.2106
2019/1/25,905.0,9.885668,-19.136942,-37.752544,-41.689083,-99.846436,-106.6415,-106.68988,70.81532,382.48962,-352.1314,1274.6664
2019/1/26,905.0,6.9515624,-20.53451,-36.350937,-36.772633,-107.470314,-111.79247,-106.258354,53.388298,426.5841,-415.88776,1315.8041
2019/1/27,905.0,5.897467,-8.147809,-53.15482,-54.26311,-125.402054,-139.07445,-105.11442,67.17394,359.40256,-292.9184,1242.6959
2019/1/28,852.0,-1.0564101,5.51617,-45.61264,-70.0595,-125.079216,-136.61842,-108.99407,56.858948,383.05408,-331.3686,1262.9436
2019/1/29,797.0,3.6071677,3.9927778,-42.46318,-73.913994,-129.57962,-154.74489,-111.45009,61.03985,377.4098,-331.71973,1268.8
2019/1/30,721.0,8.510567,-10.25765,-43.61838,-89.83846,-138.72269,-166.76036,-111.272514,81.10408,344.0036,-299.09064,1248.7502
2019/1/31,668.0,5.0379825,-30.412039,-50.8968,-91.35897,-155.22234,-176.33803,-115.293655,59.479836,388.86688,-349.354,1271.698
2019/2/1,645.0,8.608068,-24.353966,-56.868538,-103.17629,-174.25316,-193.32477,-107.998764,60.809723,385.29703,-351.927,1281.6874
2019/2/2,645.0,9.343093,-14.779772,-64.85443,-121.98394,-175.5183,-200.37254,-123.062454,57.207962,399.08295,-351.54443,1263.4398
2019/2/3,645.0,-3.499955,1.6905081,-59.624302,-128.96829,-192.05966,-240.66992,-113.44794,55.26877,367.10938,-305.0661,1254.8033
2019/2/4,634.0,0.3268984,3.677508,-42.418995,-120.902534,-219.71474,-222.77602,-130.23166,51.203682,366.16022,-313.81732,1253.3341
2019/2/5,629.0,3.619628,9.421233,-29.448196,-122.45111,-226.74323,-239.29688,-139.1182,40.813007,397.40082,-354.7163,1276.5259
2019/2/6,629.0,4.2490044,7.3888054,-14.876145,-107.459114,-241.2984,-252.99153,-137.46478,46.420982,324.01324,-255.82622,1235.0557
2019/2/7,610.0,-1.9901328,-2.7355077,1.0183779,-97.53949,-240.90024,-257.1454,-144.65277,23.58064,378.25848,-335.98438,1285.0437
2019/2/8,601.0,-0.9653777,-8.158124,1.9332662,-89.59804,-242.76599,-273.18353,-145.9245,25.873522,359.8728,-297.8073,1253.5757
2019/2/9,601.0,4.6156507,-6.046908,11.547735,-74.99388,-249.38857,-264.01395,-167.84113,21.197601,348.84552,-288.0371,1252.5741
2019/2/10,601.0,4.704555,-4.965014,9.252885,-59.911568,-248.84871,-279.83505,-163.41194,18.423784,325.5418,-266.008,1249.3472
2019/2/11,595.0,2.2202652,0.6527658,10.223968,-51.180885,-249.15817,-292.30765,-170.95407,27.48468,354.84988,-320.9359,1266.7755
2019/2/12,598.0,-2.218066,-7.017232,-4.7620716,-53.062546,-244.9266,-293.25702,-178.05185,12.007152,367.32867,-326.94965,1267.5371
2019/2/13,608.0,-1.6265081,6.851176,11.396725,-36.595814,-249.19774,-296.70706,-186.00455,15.751903,347.85944,-302.62378,1256.1489
2019/2/14,628.0,-4.8966637,-3.7789338,6.594672,-27.42104,-238.05528,-299.21375,-193.5522,7.1882544,335.36072,-268.19434,1241.4482
2019/2/15,639.0,-2.141338,10.687303,4.9426484,8.234916,-238.4654,-315.62903,-191.9073,-0.6022396,362.438,-327.55615,1272.6051
2019/2/16,639.0,-2.466494,14.30006,8.765448,12.671332,-218.3847,-306.63052,-200.4636,-0.80670166,369.78268,-338.82758,1266.9811
2019/2/17,639.0,0.59884,4.605526,26.203352,24.454931,-218.67924,-308.92566,-199.2706,1.5298605,340.50876,-313.2329,1264.2231
2019/2/18,643.0,3.869977,1.8650346,18.362368,33.283974,-200.31029,-319.81406,-215.55997,2.4385424,312.98218,-248.39546,1227.2994
2019/2/19,635.0,0.5334112,-4.9373226,3.9884639,46.99526,-191.2782,-315.09738,-225.17758,-7.744034,338.6892,-277.14215,1239.7014
2019/2/20,622.0,-0.36315703,3.6302195,8.486694,49.952274,-159.35457,-302.5778,-237.89182,-18.679695,306.45642,-243.9211,1224.1548
2019/2/21,630.0,7.7240114,-1.2292374,1.3285006,40.7585,-178.32307,-316.6042,-225.45032,-9.245918,334.188,-305.37317,1260.2112
2019/2/22,634.0,-6.2663817,-5.418586,-5.121695,45.34301,-139.92253,-322.87402,-244.758,-17.53267,334.6172,-321.10962,1270.9492
2019/2/23,634.0,-1.9567227,-1.3900211,-31.586212,45.69165,-113.34879,-319.45703,-253.44415,-19.499275,334.43533,-273.29224,1229.6671
2019/2/24,634.0,-0.00640022,5.8233175,-3.21578,39.32678,-108.729996,-319.94855,-253.84805,-21.964022,318.19226,-268.56268,1231.6302
2019/2/25,637.0,-1.1407907,8.658962,-1.1500612,32.59584,-90.152504,-327.4824,-248.59705,-26.954374,312.35742,-280.0581,1245.6526
2019/2/26,649.0,-5.1438212,-2.5217164,3.5773933,27.485737,-88.95522,-305.25696,-273.87573,-23.556215,322.98672,-291.37433,1244.3722
2019/2/27,651.0,-4.808414,1.0284431,11.230183,27.819637,-47.076862,-326.85385,-265.53915,-36.022743,291.43506,-230.80714,1217.6785
2019/2/28,658.0,-0.20775273,1.0624413,2.247101,12.343725,-46.824764,-313.36548,-278.02475,-41.44754,281.22018,-193.84639,1193.0671
2019/3/1,664.0,-7.026696,17.051214,10.950564,18.367662,-51.26537,-327.65717,-266.50623,-28.458632,321.9548,-305.7787,1256.2358
2019/3/2,664.0,-3.4118428,-5.066642,1.4709628,25.96017,-31.645468,-317.75455,-277.67697,-34.51866,298.15106,-251.84923,1220.1964
2019/3/3,664.0,-0.6558211,3.9412336,8.295609,15.965689,-12.683374,-321.75595,-283.88962,-41.55551,318.68704,-279.15802,1233.4785
2019/3/4,669.0,1.184328,-2.3651152,16.26404,18.495327,-6.896473,-321.21625,-286.90506,-33.650337,299.09952,-255.79707,1217.7433
2019/3/5,663.0,1.1897367,3.3642204,11.419033,24.127476,-3.6407666,-314.27658,-286.30447,-40.48239,303.17682,-255.03838,1217.937
2019/3/6,664.0,-6.8955064,-5.1594667,0.43681347,24.011982,10.106456,-319.6671,-292.93335,-41.23728,283.35388,-223.83757,1207.0198
2019/3/7,657.0,4.090106,-4.712688,-2.6581218,17.725294,19.69542,-299.5031,-299.29645,-53.151527,310.43994,-268.68817,1221.8589
2019/3/8,649.0,-0.24049982,-5.807994,-2.3519244,19.834705,31.621284,-300.98163,-305.92657,-48.869637,284.81595,-245.9384,1219.5358
2019/3/9,649.0,7.718294,2.1152341,-13.389904,-10.914861,38.65043,-314.11514,-293.84897,-55.6809,271.83078,-208.4134,1199.2921
2019/3/10,649.0,-0.9461193,8.477878,-12.413798,-0.17110857,47.66066,-303.27182,-307.07224,-55.866272,295.62527,-255.99419,1217.8673
2019/3/11,645.0,2.0239687,0.70690584,-9.620817,-7.445896,45.326965,-286.41086,-306.72195,-55.982018,290.89502,-244.90697,1204.384
2019/3/12,647.0,4.0520372,-13.271868,-11.79955,7.807416,49.534794,-285.0315,-316.69046,-60.880287,280.42285,-230.91429,1203.8971
2019/3/13,654.0,1.937087,-1.5604877,-11.555221,-10.721979,52.11999,-272.4915,-317.91052,-65.87292,292.4934,-249.75731,1208.6484
2019/3/14,677.0,-1.1753929,12.454339,-9.402785,-17.13622,52.229004,-274.8473,-317.50858,-63.585472,297.41113,-261.3647,1214.8702
2019/3/15,730.0,-3.909395,-2.6164913,6.8527384,-17.018578,41.154995,-257.39615,-321.94272,-60.811417,308.01688,-300.57227,1233.1372
2019/3/16,730.0,-4.0131783,25.301676,-5.067092,-2.9167244,58.962116,-278.56067,-314.98212,-63.867188,282.64417,-232.54121,1200.4305
2019/3/17,730.0,-1.699005,25.639177,18.11316,-4.682019,57.114872,-243.35696,-327.41583,-63.267212,279.81342,-241.5483,1197.2097
2019/3/18,721.0,1.8786894,2.6763957,30.95435,16.974283,61.479546,-254.55898,-323.96756,-66.44159,291.30246,-241.95168,1195.7126
2019/3/19,712.0,4.6783676,-1.2235994,31.693073,19.236382,54.785564,-225.59521,-333.40985,-77.226585,311.3615,-285.59717,1213.9729
2019/3/20,709.0,0.7334304,-8.480964,11.055125,17.698391,81.34694,-238.71793,-328.69254,-71.2771,283.57257,-235.78395,1193.8195
2019/3/21,695.0,-0.62968576,-7.7569847,8.484734,23.380075,71.78064,-215.72923,-338.0875,-64.4928,286.38055,-255.31172,1199.3782
2019/3/22,690.0,10.544625,-1.5840425,-7.399977,16.695444,71.65534,-215.11476,-334.40823,-79.846176,274.72577,-222.68385,1187.9463
2019/3/23,690.0,-0.7729839,-6.820495,-22.341152,26.958368,65.2336,-210.68607,-336.01962,-68.69418,266.14435,-215.25972,1177.9805
2019/3/24,690.0,-1.5902206,-5.684774,-12.0885105,12.781131,65.78926,-191.55643,-347.44406,-83.89275,290.5808,-256.3249,1199.498
2019/3/25,689.0,-2.6417377,7.166726,-19.478878,10.079576,62.134857,-176.94034,-351.3954,-72.00777,264.12973,-228.73167,1187.4744
2019/3/26,683.0,2.904392,1.6135161,-28.217693,1.5686575,60.278763,-180.52374,-341.10632,-79.515045,262.04303,-229.75548,1192.1366
2019/3/27,690.0,3.4950638,-5.7923536,-23.49891,-1.5102819,59.205845,-157.00056,-361.63208,-76.52696,293.02173,-246.79012,1179.4838
2019/3/28,692.0,-2.5088472,-0.097163066,2.2105947,-2.3677018,56.55535,-150.88002,-361.57083,-84.11655,284.351,-259.42328,1197.6686
2019/3/29,692.0,1.8833644,-5.257853,-4.7218685,-13.434372,68.41424,-155.0818,-361.7025,-86.10659,303.99026,-285.75946,1203.935
2019/3/30,692.0,0.89871526,10.1070595,-0.8515194,-13.979821,50.997868,-146.08693,-357.95688,-81.10415,267.35004,-252.69325,1199.7948
2019/3/31,689.0,0.8591697,-2.6713486,-3.1200976,3.2388563,48.27941,-138.01993,-361.24344,-84.45596,268.51788,-240.2631,1184.1562
2019/4/1,685.0,1.2179394,-1.4193479,-1.3851295,-15.069922,46.911694,-141.01149,-360.88232,-73.21709,249.04826,-199.67162,1163.3414
2019/4/2,674.0,6.931942,1.2986643,9.19029,-4.4418664,45.56518,-127.38763,-364.3451,-95.73285,292.4767,-262.72772,1190.5853
2019/4/3,672.0,-4.082589,-11.763567,-4.500142,-9.824216,39.657124,-87.816505,-375.46106,-86.95017,235.4221,-207.71889,1175.2528
2019/4/4,699.0,6.4243364,-1.311691,-1.2829068,-10.496531,30.139511,-94.09104,-378.50854,-90.73993,252.65985,-217.9879,1173.3707
2019/4/5,711.0,-5.212987,8.672773,-12.529776,-6.3797474,30.63224,-99.41868,-367.2038,-100.96728,269.15717,-234.35417,1178.1012
2019/4/6,711.0,-5.889247,10.515423,-10.597373,-2.8281314,35.079132,-79.1284,-379.21176,-103.12558,270.75122,-239.14665,1174.4772
2019/4/7,711.0,-3.7033336,10.975923,-1.9907094,4.5251036,23.848223,-84.74795,-369.13034,-99.77867,261.63388,-220.66472,1165.5253
2019/4/8,714.0,-4.4645567,-5.022524,-1.1414504,1.6076351,31.04877,-56.77583,-384.6721,-107.56208,250.5628,-205.58626,1161.2051
2019/4/9,725.0,-0.57799745,-5.5845537,6.8042145,-1.1869835,27.19932,-59.081757,-380.68936,-107.21416,258.36047,-223.24959,1168.6237
2019/4/10,734.0,0.6295966,-2.6802537,12.387215,4.724219,23.185213,-56.054516,-382.79733,-101.68345,236.8105,-177.59921,1144.9388
2019/4/11,728.0,-5.963411,-3.5960846,2.2218144,16.57164,31.288296,-55.628757,-383.64304,-105.26518,254.5627,-208.04616,1158.6511
2019/4/12,726.0,-0.06898281,-4.2933903,10.285259,14.363628,25.141115,-37.42209,-391.85327,-104.63388,268.11212,-239.68733,1167.4309
2019/4/13,726.0,3.036527,4.0569496,5.629794,10.037619,18.912052,-30.251951,-386.52716,-106.2132,241.48515,-196.39336,1151.5964
2019/4/14,726.0,-2.04361,-1.0550565,11.163793,24.89616,24.18194,-30.444128,-383.9719,-115.11049,234.07726,-179.79344,1149.9384
2019/4/15,738.0,5.741083,-4.2851744,-0.16169403,13.390904,26.170864,-30.315084,-371.2509,-118.27515,244.4083,-208.15508,1157.0079
2019/4/16,749.0,1.2415792,3.4145195,2.234299,17.257795,31.218754,-22.182468,-382.18234,-114.01765,237.79752,-190.34631,1147.8265
2019/4/17,767.0,-4.782098,9.010646,-0.76207894,16.198608,27.515486,-19.249744,-374.9458,-125.30455,258.2481,-222.70015,1159.5807
2019/4/18,790.0,0.057079606,8.173277,5.2743597,12.442249,29.494553,-4.694621,-385.37387,-107.10156,246.47171,-216.80336,1155.7336
2019/4/19,790.0,1.3366498,4.793842,10.657294,19.585402,33.748222,6.6022763,-369.77017,-135.10062,243.09523,-210.98732,1157.8898
2019/4/20,790.0,2.9444387,3.235311,10.8202915,27.957481,36.43558,0.7911749,-367.4687,-128.44136,260.71576,-234.93709,1165.2847
2019/4/21,790.0,6.211901,-6.240181,23.423191,21.693872,31.21711,3.2483077,-376.28323,-124.18036,195.69806,-105.36847,1118.4769
2019/4/22,790.0,-3.6118803,2.225516,16.616905,22.143238,30.945694,28.455307,-380.9579,-136.58464,235.38205,-180.69354,1142.466
2019/4/23,821.0,-4.7208557,2.715879,5.192171,28.60593,40.943325,23.411875,-375.1454,-131.36105,252.08112,-205.73427,1150.355
2019/4/24,850.0,-6.4923997,15.85796,6.690393,28.150702,39.673626,8.028456,-360.2646,-125.18446,230.14632,-188.25993,1145.1256
2019/4/25,869.0,-4.1658382,12.59295,10.634261,31.306469,43.172585,24.172424,-364.39236,-135.89673,261.34558,-237.46043,1166.036
2019/4/26,889.0,-6.8154,10.085344,25.071093,29.665571,48.112896,29.077612,-359.923,-130.67215,262.42847,-237.72984,1164.3573
2019/4/27,889.0,-3.6000962,18.676468,22.711203,34.40061,55.280666,47.239704,-370.43228,-128.552,240.90569,-204.08315,1153.0809
2019/4/28,889.0,-0.56332636,7.320953,28.93915,42.45915,61.922607,42.290012,-378.48755,-122.11101,270.29382,-237.6121,1163.0941
2019/4/29,913.0,-0.19379938,-3.8939543,23.949028,40.656494,59.330883,66.25892,-361.12344,-133.20572,232.97963,-197.72247,1144.5779
2019/4/30,1011.0,2.8229966,1.9080502,34.116653,54.710155,62.861626,59.14095,-363.11438,-134.22421,240.5413,-193.87866,1149.6534
2019/5/1,1031.0,-5.635558,16.73645,22.105598,52.267014,71.16917,75.75085,-367.56128,-127.252,250.40349,-215.34059,1155.174
2019/5/2,1032.0,-7.524478,25.115955,42.52469,64.97227,76.862114,55.475998,-352.70193,-123.1297,270.41638,-259.22424,1176.5747
2019/5/3,985.0,-1.8758277,21.311878,38.34923,62.510937,89.79328,80.64203,-360.28284,-124.066284,247.79716,-215.67574,1162.1383
2019/5/4,985.0,6.986909,-0.6508208,49.23289,74.12462,94.85157,95.32849,-360.88202,-120.87944,246.16571,-206.65382,1150.9652
2019/5/5,985.0,3.6855536,-17.474596,5.846,68.53665,100.43941,105.79275,-360.45612,-123.64284,249.54657,-233.64995,1171.672
2019/5/6,985.0,-1.6022843,-10.012896,-6.0110297,58.204624,108.553116,116.5517,-362.09058,-121.17537,242.44046,-214.11751,1162.2257
2019/5/7,936.0,-4.5981054,-1.4286215,-10.003756,60.449085,102.44321,114.14419,-352.00833,-125.27934,246.6145,-221.38914,1165.1285
2019/5/8,940.0,6.0013895,-2.3641388,-22.216526,47.894726,104.11186,127.688194,-351.8583,-127.87663,245.65419,-201.94536,1148.896
2019/5/9,974.0,1.4032354,-9.790996,-32.78357,20.010658,107.56377,134.9694,-357.9561,-116.73125,250.41266,-206.59639,1146.7933
2019/5/10,1013.0,-4.758035,8.658926,-25.274916,13.239145,97.109024,137.38986,-350.5423,-128.27164,251.76968,-211.06798,1156.5704
2019/5/11,1013.0,-6.8326154,15.272129,-6.109003,-1.1380565,90.32227,162.27005,-350.9796,-124.93889,266.00262,-241.30196,1164.7347
2019/5/12,1013.0,0.10890847,13.532729,12.197216,3.8804588,100.85468,149.76585,-351.07184,-122.36734,263.81104,-238.63768,1161.4985
2019/5/13,1026.0,0.9221649,7.3369966,13.408904,-8.634782,115.82336,138.0237,-340.73074,-117.30873,232.7473,-190.7633,1153.2861
2019/5/14,1043.0,-5.9637685,0.6442157,24.46269,1.3360007,93.959465,169.29059,-345.39163,-129.76036,273.0557,-241.41414,1164.8162
2019/5/15,1032.0,-2.6298068,4.391423,22.124617,2.3151689,102.89423,171.7131,-342.81787,-121.46178,264.10535,-258.479,1176.3596
2019/5/16,1032.0,-2.0728452,-6.730157,17.709518,-6.63128,94.91529,184.091,-343.4111,-100.81508,258.29132,-229.01707,1150.6354
2019/5/17,1040.0,-7.980178,-2.248761,12.956167,-4.7007465,91.06712,181.8422,-337.02713,-133.04045,247.8598,-199.54329,1154.8481
2019/5/18,1040.0,2.7868087,-14.6699095,13.27012,3.3434823,76.23648,191.85243,-331.26828,-118.30914,223.01852,-174.40753,1144.7374
2019/5/19,1040.0,3.0896556,5.330184,10.721779,5.1701035,76.372185,184.37099,-315.42538,-128.84842,210.4841,-140.57375,1127.3594
2019/5/20,1041.0,-1.2292291,-4.0187216,9.823749,5.450162,69.063545,192.47661,-314.0826,-124.30592,250.29657,-224.12517,1159.1425
2019/5/21,1049.0,1.260613,4.5476522,2.5094695,-5.6257358,82.361015,191.88042,-313.93652,-129.24191,240.96257,-192.35135,1146.1115
2019/5/22,1059.0,-4.4366097,-2.3485885,-2.3920429,6.530772,70.88657,200.31119,-309.84177,-132.07365,251.35927,-206.34975,1151.551
2019/5/23,1068.0,-0.5619807,3.729853,12.821163,8.067751,62.425728,213.38588,-311.4332,-139.26569,253.56918,-226.79485,1166.2123
2019/5/24,1066.0,0.06684816,13.321156,-0.3632366,3.6586213,60.16703,204.82964,-294.43253,-131.14586,252.0115,-215.27809,1154.7738
2019/5/25,1066.0,-1.3203381,8.564272,-4.6195025,7.403186,65.60365,218.4434,-297.3647,-136.86592,255.97583,-214.02357,1151.3428
2019/5/26,1066.0,-0.20444337,-3.6201923,8.324947,5.865484,53.264618,224.353,-280.1404,-130.19267,224.89868,-189.72583,1146.0358
2019/5/27,1066.0,-1.4204172,2.693535,2.5719936,7.3696446,54.23265,222.5933,-282.2146,-139.40935,216.81378,-141.97974,1127.5012
2019/5/28,1082.0,-4.5594506,3.605208,7.6380243,-0.5673553,51.335953,228.5357,-279.34143,-128.82573,221.10815,-160.32597,1126.1508
2019/5/29,1107.0,-0.004085101,4.0537467,17.56308,0.47490633,59.18178,220.38086,-270.1666,-134.79277,231.29768,-189.7696,1149.6324
2019/5/30,1097.0,0.80431795,19.498217,11.988394,7.399421,45.672028,244.31133,-282.31686,-136.41283,237.80171,-196.67139,1146.2362
2019/5/31,1096.0,7.7863507,1.4581995,18.73232,10.307795,40.422672,242.15639,-247.28442,-147.88112,226.06494,-188.41464,1139.7443
2019/6/1,1096.0,-3.2596,-4.34437,7.161397,12.380065,36.804283,239.15567,-253.41382,-144.05157,205.54703,-139.66609,1122.9716
2019/6/2,1096.0,-0.328893,-0.59355557,19.924498,7.6061125,41.1861,235.77708,-246.88422,-150.56815,239.9498,-191.28465,1142.4215
2019/6/3,1103.0,1.5699025,-4.5327764,-4.422388,4.777006,47.709877,241.39682,-241.05832,-150.98335,265.3299,-241.71574,1159.1268
2019/6/4,1122.0,-3.0024557,-0.0016031936,9.172632,8.4257555,38.10994,239.7504,-234.83566,-151.34192,241.6987,-196.98952,1144.382
2019/6/5,1141.0,-3.280912,9.821103,15.61059,-4.4302516,32.906673,244.2873,-226.2096,-151.65823,249.61845,-209.39375,1143.6929
2019/6/6,1138.0,-7.317485,13.663373,-2.0045333,14.261591,35.40029,256.25266,-214.67734,-165.42795,266.92212,-239.14458,1153.101
2019/6/7,1138.0,1.3163097,6.62956,11.919626,23.060404,35.259865,237.90184,-206.82721,-157.74442,238.32306,-190.54477,1135.3997
2019/6/8,1138.0,-1.0996319,1.6634153,14.973185,20.710043,43.01807,248.7317,-197.33347,-159.93689,223.77478,-177.63168,1128.3905
2019/6/9,1138.0,-1.795067,-4.000599,3.6646595,17.784786,29.122663,243.70433,-198.37976,-154.08392,258.4527,-234.8921,1150.4277
2019/6/10,1125.0,5.0230746,-7.163088,-1.4273971,25.535698,37.283707,246.0769,-194.48755,-161.717,229.2068,-176.6204,1129.7986
2019/6/11,1105.0,2.0831742,-2.094284,6.765889,20.141735,28.49846,254.36925,-190.83345,-159.1281,221.8414,-181.04881,1140.2063
2019/6/12,1080.0,6.085076,-11.049399,-5.9407096,7.527403,32.749516,265.18744,-199.98276,-162.69623,259.9942,-232.1876,1148.7892
2019/6/13,1062.0,1.7924471,-19.46684,-10.489503,5.9675217,29.49121,265.75702,-180.97925,-165.58997,246.18932,-215.11415,1142.8787
2019/6/14,1085.0,3.599343,-11.890941,-19.596502,3.952829,18.663424,250.23253,-167.71248,-165.30441,241.92125,-202.17519,1135.15
2019/6/15,1085.0,2.1850293,-0.98752975,-26.069565,-14.906132,12.062273,238.78741,-153.98447,-169.96603,241.21217,-206.82176,1138.0941
2019/6/16,1085.0,3.3067296,-2.2566833,-16.745958,-15.159099,19.930847,251.17839,-169.9043,-154.39914,237.10864,-199.94832,1133.1049
2019/6/17,1093.0,3.317834,5.0354357,-3.4024704,-22.27561,6.139537,245.84264,-139.43219,-179.27716,224.43285,-181.77888,1130.9795
2019/6/18,1135.0,1.1347705,-4.2059155,-2.595907,-17.527933,19.699755,234.99757,-134.38571,-176.5307,243.9543,-213.49312,1132.4905
2019/6/19,1179.0,-10.2575,5.1081166,11.692843,-24.163982,-3.3716269,237.0224,-121.181564,-175.47212,226.4329,-199.35765,1128.8154
2019/6/20,1194.0,-6.3628316,20.169533,21.007675,-9.40109,-2.9847677,249.50992,-122.84918,-190.77216,217.7344,-171.91992,1123.4762
2019/6/21,1239.0,-1.1310904,16.048643,33.570396,5.897374,0.7639954,241.48024,-115.61261,-182.13167,227.97089,-184.43802,1126.9612
2019/6/22,1239.0,-4.337617,21.263622,33.227673,19.4339,7.8669815,233.54684,-92.94755,-178.48695,228.38213,-204.33061,1130.928
2019/6/23,1239.0,3.35314,-3.2415736,48.06681,33.38251,14.861318,246.1085,-105.18833,-183.20943,221.99564,-181.77205,1126.0153
2019/6/24,1258.0,3.05387,-13.95156,54.54652,46.551025,23.550426,246.12039,-112.28349,-178.06877,234.7516,-196.83434,1128.3981
2019/6/25,1280.0,0.18699801,-7.4282074,33.87162,53.718292,14.731433,241.917,-95.50136,-177.8931,219.10875,-162.31517,1116.7344
2019/6/26,1317.0,-1.9341934,10.200606,27.407967,54.90304,30.328773,250.08353,-92.404526,-182.77452,230.43593,-194.50505,1129.8909
2019/6/27,1340.0,-4.0783362,1.3087133,32.893192,62.64701,37.642567,255.06029,-79.49272,-178.58453,220.15321,-186.01997,1121.1259
2019/6/28,1354.0,-0.4196677,11.285603,21.738726,69.684685,57.949993,252.16467,-89.53524,-181.37413,219.86974,-179.91124,1126.2015
2019/6/29,1354.0,-3.0832279,7.7997007,33.534233,75.24573,56.836864,274.44653,-92.99998,-174.10226,210.61014,-177.21637,1123.6661
2019/6/30,1354.0,-3.9371948,-3.1808686,36.031597,65.47408,72.754715,274.46396,-94.35704,-176.85934,247.59833,-237.45561,1148.4719
2019/7/1,1381.0,1.2114742,-9.129459,22.329826,78.834915,60.79913,292.00912,-99.23462,-181.6754,233.31277,-197.1008,1136.2017
2019/7/2,1446.0,-4.8935027,-4.320851,2.2068129,71.02662,84.93808,289.25674,-79.741356,-175.78604,225.6072,-206.48125,1134.0908
2019/7/3,1549.0,-8.720354,12.847657,4.413857,74.842926,83.09683,304.35272,-91.303925,-178.26122,209.67915,-174.71477,1129.5685
2019/7/4,1700.0,-9.427272,31.334972,41.952244,80.35529,95.23928,324.9013,-88.12987,-178.3364,241.76086,-216.6092,1138.0709
2019/7/5,1740.0,-12.630794,47.43573,56.3442,102.52876,119.532,347.1278,-91.85892,-189.4186,214.19106,-164.32347,1121.5806
2019/7/6,1740.0,-2.8714566,58.49468,95.82615,120.87645,118.83341,355.4421,-84.16229,-182.2049,226.4356,-186.20131,1131.74
2019/7/7,1740.0,4.268074,17.184296,103.94809,143.46854,148.63507,375.25967,-82.433525,-182.62712,225.391,-186.51083,1133.8152
2019/7/8,1725.0,-1.3277669,-21.785309,91.46255,163.69795,161.95668,406.09476,-69.13636,-195.73326,243.80923,-205.4291,1139.4468
2019/7/9,1759.0,1.2666959,-12.837943,66.301285,167.52785,172.8093,415.3704,-69.2366,-187.46828,232.03416,-183.42273,1131.7833
2019/7/10,1777.0,-5.5194426,-19.62561,27.628698,171.58171,183.56732,422.6798,-47.99809,-185.89511,232.3791,-182.9546,1126.2168
2019/7/11,1816.0,-4.105869,20.387526,1.307425,149.08345,206.2293,428.4377,-52.543907,-183.26384,223.86156,-161.26263,1123.471
2019/7/12,1865.0,-6.488929,7.0666313,4.7229705,138.7322,208.04724,439.28854,-44.806175,-176.59407,231.7637,-186.25623,1133.7728
2019/7/13,1865.0,-3.114058,12.579601,17.95436,139.3349,214.66246,456.5888,-27.447834,-176.05353,230.29976,-208.00838,1148.6014
2019/7/14,1865.0,0.60477424,17.727842,13.20902,130.88284,233.14021,461.258,-11.843338,-179.0433,262.99622,-254.93886,1165.1476
2019/7/15,1928.0,-1.5625135,4.224218,8.283189,127.11119,230.88232,479.29523,-17.430134,-179.15755,226.83888,-160.92685,1129.334
2019/7/16,2011.0,-7.0223017,-1.1829249,15.490728,116.33671,245.1873,481.0112,-6.6855736,-167.76878,286.15692,-279.1717,1177.2598
2019/7/17,2064.0,-10.592734,23.182602,32.8516,105.283714,248.80013,501.01248,11.821823,-166.76598,231.83012,-190.28177,1142.1919
2019/7/18,2130.0,-7.2289643,26.14472,44.918274,115.37054,268.38803,503.0677,8.774628,-157.45993,245.2303,-201.82893,1143.5562
2019/7/19,2170.0,-3.303547,28.467863,64.777916,113.58571,282.0949,519.5693,26.361435,-158.3408,268.05048,-229.57121,1152.337
2019/7/20,2170.0,-2.4858859,32.491188,70.75725,131.43071,278.55045,531.70905,36.914383,-150.04388,252.51189,-206.04402,1149.3011
2019/7/21,2170.0,4.9884243,17.718359,73.894775,137.7119,291.45425,543.6581,56.19146,-148.8886,242.93672,-212.97493,1159.4408
2019/7/22,2191.0,-0.11816077,-5.8892407,55.9114,139.29823,303.6178,546.72864,59.006218,-137.3826,264.3168,-238.92204,1168.7853
2019/7/23,2165.0,-3.4889424,-9.79219,34.688538,133.96904,319.58127,564.403,63.033836,-140.95425,265.50067,-226.68938,1162.5143
2019/7/24,2014.0,1.1300784,-24.210732,23.967371,114.23238,323.5495,570.8043,88.79659,-134.27994,271.28165,-247.48665,1169.361
2019/7/25,1947.0,10.96645,-24.771296,-22.182941,101.62619,319.89066,590.2445,71.81184,-127.26575,248.24345,-198.97679,1153.4193
2019/7/26,1937.0,8.553932,-54.296654,-61.374878,48.304153,315.73434,587.24066,86.74726,-131.46487,252.72217,-210.89906,1158.6143
2019/7/27,1937.0,-7.2235475,-37.087257,-93.882065,4.732814,303.99973,587.22534,105.58683,-129.5184,253.76886,-202.99818,1155.543
2019/7/28,1937.0,3.0551333,-0.80106276,-102.45443,-18.517403,289.08237,600.5797,97.09228,-122.71419,273.102,-240.81609,1174.4832
2019/7/29,1922.0,-1.6976573,13.62712,-94.165665,-47.766106,262.2665,600.9734,116.88572,-116.49472,277.84595,-254.68648,1178.231
2019/7/30,1899.0,7.8722563,13.240185,-65.58445,-85.91956,247.71526,609.6954,112.41944,-111.88085,247.93378,-207.52278,1167.5127
2019/7/31,1868.0,-2.6533046,-7.876579,-30.48788,-111.06904,208.87053,614.6724,138.3349,-106.84126,273.34186,-256.45026,1186.0131
2019/8/1,1812.0,7.6442533,-4.213831,-44.291794,-125.59533,196.23691,620.3458,123.88842,-113.12993,264.2052,-223.55602,1173.6677
2019/8/2,1788.0,6.743977,-21.427734,-30.65291,-124.36772,158.10686,624.8245,140.63916,-119.81938,267.75223,-238.09724,1179.8073
2019/8/3,1788.0,8.066917,-23.869354,-24.340628,-147.00662,132.10466,634.5766,139.68063,-112.65662,306.53882,-295.78778,1206.0958
2019/8/4,1788.0,-2.525766,-1.8730816,-38.181103,-154.7038,98.31005,643.034,131.78659,-108.30664,254.28612,-203.54848,1164.0571
2019/8/5,1774.0,-0.3680849,-3.2117393,-28.625801,-144.05309,60.21224,645.4234,138.8771,-101.206,281.9076,-251.98885,1186.6989
2019/8/6,1734.0,-1.2071292,5.16084,-8.444364,-162.70523,51.486504,637.4623,134.4068,-87.02415,253.81345,-206.25179,1169.8185
2019/8/7,1712.0,5.7650456,-10.965191,-15.736661,-137.5153,1.837877,642.89655,156.54004,-105.0166,273.82935,-236.1971,1178.8425
2019/8/8,1720.0,0.07773913,-16.83431,-15.610448,-147.6839,-14.635356,657.41815,120.44744,-89.58987,281.38354,-252.1454,1192.178
2019/8/9,1748.0,0.28931895,-6.60049,-8.614647,-145.8972,-26.773085,631.7052,153.85413,-99.237206,266.97256,-223.47505,1175.1395
2019/8/10,1748.0,0.079628676,1.5341216,-14.096325,-123.48934,-67.780334,643.56006,143.65585,-96.46892,280.05414,-245.23225,1184.7416
2019/8/11,1748.0,-4.02666,9.228171,3.7999449,-119.84381,-68.02604,648.8789,134.39252,-95.179794,301.5327,-268.97174,1188.5698
2019/8/12,1774.0,-2.786559,-0.11851138,16.071762,-105.20145,-83.225426,633.1772,151.18448,-98.22873,285.59308,-256.55487,1190.9177
2019/8/13,1864.0,-3.3867304,6.3047967,17.436302,-87.65586,-117.32098,656.0598,127.71099,-94.82791,291.28687,-260.0547,1195.785
2019/8/14,1950.0,-7.4576635,22.117805,39.67899,-55.755978,-131.40158,627.7088,158.27551,-83.78188,269.35907,-232.64342,1178.2743
2019/8/15,2047.0,-11.747509,52.37232,48.129456,-32.775646,-132.78003,625.533,170.37921,-97.15805,268.86926,-221.4427,1175.4543
2019/8/16,2088.0,-13.75897,52.91022,77.48127,23.29953,-145.31273,627.71844,162.09625,-83.16489,242.44142,-177.70299,1162.1663
2019/8/17,2088.0,-5.5170856,29.425056,107.630486,71.776855,-135.60506,603.12787,185.53989,-91.073425,273.14792,-218.78224,1179.4486
2019/8/18,2088.0,-4.7426615,25.705452,99.54937,98.12141,-122.77121,585.4358,200.29993,-71.579285,256.41766,-203.61592,1172.5764
2019/8/19,2067.0,4.6500335,-9.866347,96.32073,127.377785,-119.01474,588.6891,205.18518,-67.674736,261.92926,-204.81151,1176.8337
2019/8/20,2059.0,-2.313115,-22.12496,60.74993,160.84329,-112.25819,566.0974,227.75446,-64.475945,302.54434,-276.73694,1200.1919
2019/8/21,2061.0,-3.914967,-29.493069,22.955322,162.97893,-79.87342,552.8811,235.63104,-70.261986,291.64432,-265.7174,1212.2896
2019/8/22,2118.0,0.56384206,2.933243,-1.1465945,162.42549,-75.28677,514.67535,264.94113,-48.70932,272.01123,-242.52644,1203.3333
2019/8/23,2168.0,-2.6680465,0.32569402,-15.267993,160.42656,-53.482983,528.04926,262.88596,-59.087677,260.6424,-198.19585,1175.4877
2019/8/24,2168.0,-9.192572,16.238163,-0.25925088,161.22171,-48.29009,540.11993,257.25073,-52.907707,291.1972,-253.00316,1199.2759
2019/8/25,2168.0,4.922547,27.418205,8.267793,145.68608,-21.642878,555.9054,239.50464,-58.11364,300.02777,-255.4394,1196.4552
2019/8/26,2168.0,-1.2326226,5.6353216,11.40158,134.66055,-1.7278996,560.80316,242.53418,-52.098152,302.70706,-255.1946,1198.385
2019/8/27,2213.0,-1.7650502,-3.382327,19.225698,130.42767,-8.241649,534.7382,263.10287,-40.800926,268.94934,-204.86821,1184.6176
2019/8/28,2267.0,-3.776868,-2.0621216,20.352514,122.1416,14.392402,527.72046,277.69504,-41.339844,261.93625,-220.21007,1201.8812
2019/8/29,2277.0,-8.003786,19.65851,17.315025,116.428,30.920158,529.908,276.81204,-35.217865,284.50006,-247.04237,1203.7715
2019/8/30,2378.0,1.7690612,26.203983,32.21076,117.52949,33.597237,574.4839,258.94037,-45.72119,289.85428,-231.11064,1188.2385
2019/8/31,2378.0,-10.914181,15.689242,35.41238,133.18712,33.770638,552.03235,275.73886,-44.01844,306.4467,-258.1148,1207.6705
2019/9/1,2378.0,-3.1812167,23.178717,43.27418,140.84288,57.836563,619.32324,233.28705,-37.60607,264.93005,-189.66893,1172.9349
2019/9/2,2442.0,5.8552403,-3.111296,61.187332,147.69032,59.98967,600.1706,270.22046,-37.33879,284.3219,-224.597,1186.3427
2019/9/3,2501.0,-9.371915,1.7607152,51.302387,146.449,75.289986,621.5171,255.84515,-32.22309,320.56036,-285.45508,1215.1941
2019/9/4,2518.0,-5.851753,2.5571666,60.745014,155.8506,85.16223,628.1729,251.20746,-34.82202,312.0359,-284.15515,1232.2697
2019/9/5,2499.0,1.7553647,12.339535,57.528065,180.9732,90.81265,675.2517,246.26486,-44.02957,296.85352,-247.52562,1210.4326
2019/9/6,2462.0,5.6146617,4.093663,41.654583,177.53265,90.64319,681.9563,240.18839,-39.347908,314.49615,-272.4223,1223.0344
2019/9/7,2462.0,9.339945,-20.16276,33.787846,177.57463,117.77554,660.9388,257.06995,-33.634636,281.4886,-212.89806,1201.145
2019/9/8,2462.0,0.31477427,-8.800758,-4.530723,143.7983,128.90573,686.32477,261.11823,-26.728872,302.10907,-253.6298,1212.0997
2019/9/9,2422.0,-4.393413,-21.29904,-23.306328,145.64941,144.0433,697.53754,248.66263,-23.783339,314.67105,-264.39905,1219.9354
2019/9/10,2393.0,2.463767,-0.36055183,-21.351807,97.36498,146.26672,700.05115,254.00699,-19.226568,295.9503,-219.58113,1196.4077
2019/9/11,2366.0,2.876784,-10.600471,-49.27024,94.08727,136.49461,702.4885,265.92224,-23.353338,317.30255,-259.50598,1221.0297
2019/9/12,2331.0,1.696897,-12.290107,-59.50305,53.63085,142.07056,724.2132,249.44937,-19.700607,358.7679,-316.48804,1240.7657
2019/9/13,2312.0,3.5860023,-5.2501707,-66.62067,20.46607,146.7653,722.23804,263.27933,-19.420801,301.23303,-234.71556,1213.4126
2019/9/14,2312.0,-1.4207308,-11.938523,-56.63219,-26.208225,130.84923,732.3599,268.40906,-21.470713,333.84033,-280.0589,1229.4888
2019/9/15,2312.0,2.025653,1.2310312,-59.052547,-38.043266,110.46001,742.4439,260.41278,-24.882128,314.17126,-242.29286,1223.7574
2019/9/16,2311.0,-1.1088598,4.1066895,-37.791416,-57.391582,106.831505,743.5153,263.26517,-25.00252,330.03152,-281.64404,1238.7997
2019/9/17,2283.0,-4.896397,-3.8373437,-12.912787,-69.19049,82.039314,737.9314,273.80054,-18.667574,340.4862,-280.44788,1235.1066
2019/9/18,2266.0,6.4960876,-0.8441554,-13.851708,-71.756615,69.494644,724.978,284.806,-19.524757,323.18958,-236.07631,1218.3499
2019/9/19,2192.0,8.374632,-0.80336463,-4.1011405,-85.413765,62.875122,713.93365,303.82162,-16.513815,353.16852,-313.3238,1249.6265
2019/9/20,2131.0,6.749507,-10.812796,-14.990482,-92.76485,40.13756,711.1295,303.75107,-2.01505,292.9508,-209.54134,1207.8206
2019/9/21,2131.0,9.544149,-35.48962,-30.6553,-104.38863,26.088135,746.19525,271.11542,-12.595816,354.23196,-296.8979,1238.9203
2019/9/22,2131.0,3.8900237,-28.673742,-47.48473,-120.698944,18.622364,721.175,282.09033,-13.008408,365.08005,-315.13385,1251.9083
2019/9/23,2108.0,-1.0341367,-6.4311385,-46.299656,-114.70208,-15.818379,717.7219,300.95224,-11.566994,342.25772,-294.25433,1245.6229
2019/9/24,2116.0,-4.671408,3.854599,-29.969093,-116.27055,-27.248241,672.9834,315.13922,-11.524033,353.46155,-281.846,1237.1603
2019/9/25,2053.0,-0.2525496,0.20254622,-24.307943,-121.91787,-53.43316,658.81976,331.68896,6.556652,317.08533,-231.19212,1207.4683
2019/9/26,1963.0,7.4275784,8.400485,-19.11446,-121.169464,-65.66986,650.18866,334.39868,-7.4463406,312.40402,-217.08412,1210.1415
2019/9/27,1857.0,11.27514,-10.052353,-38.812954,-126.76744,-76.04166,601.75415,356.64832,4.6690016,326.98483,-247.84917,1220.3499
2019/9/28,1857.0,13.586622,-51.33501,-54.892082,-133.21281,-80.178185,539.3733,380.6385,20.126476,341.78537,-279.09113,1244.4523
2019/9/29,1857.0,7.417566,-37.770004,-76.738914,-150.91458,-99.456985,536.8312,377.5507,17.384052,330.62042,-243.20003,1216.8429
2019/9/30,1823.0,2.1990924,0.5698681,-67.7122,-152.86168,-124.93835,477.04193,417.18463,3.8770027,335.4692,-238.19316,1223.3732
2019/10/1,1809.0,2.9186828,6.058056,-68.960724,-174.13124,-141.51236,394.69373,457.52667,18.705944,308.46136,-198.88501,1220.0476
2019/10/2,1803.0,2.5549753,5.22583,-50.088493,-176.20157,-155.33635,352.91318,481.86035,21.565662,305.77597,-199.3173,1221.8594
2019/10/3,1757.0,8.044773,8.289593,-20.187607,-175.31087,-164.01895,327.52887,475.83392,37.726078,355.73755,-277.66797,1249.0479
2019/10/4,1767.0,5.243313,-1.3403878,-17.109882,-176.01984,-187.40565,297.03058,501.8222,50.15087,330.21683,-240.42235,1227.9332
2019/10/5,1767.0,3.4428906,-13.323744,-1.9829959,-149.41469,-218.55267,247.10446,526.69604,45.908073,324.00937,-234.60454,1230.8799
2019/10/6,1767.0,-2.945149,-0.71539146,-0.4841177,-156.93204,-212.547,199.40686,545.135,42.663273,332.90543,-231.9405,1237.194
2019/10/7,1770.0,-0.24135235,8.694198,6.3040705,-142.82646,-221.1432,190.5455,544.2692,48.51375,324.1913,-237.09917,1244.6624
2019/10/8,1801.0,1.0915143,-2.9888933,18.30465,-129.07693,-228.38837,127.13488,579.5637,48.318275,330.45947,-240.78859,1243.75
2019/10/9,1873.0,-9.304136,4.527051,5.1879086,-115.17303,-238.62404,96.062675,581.8258,47.21189,325.89673,-226.04738,1251.6715
2019/10/10,1929.0,-5.666082,20.39966,31.240313,-71.080086,-256.72278,91.64449,590.4977,52.403595,329.83475,-230.23784,1239.6686
2019/10/11,1924.0,-12.071409,26.487923,41.513012,-38.92174,-247.86176,62.503963,591.415,60.96879,356.07166,-264.18958,1245.284
2019/10/12,1924.0,-5.7603064,18.501585,58.02573,9.916835,-245.6124,37.759697,588.3768,63.932465,321.00595,-209.47597,1232.3252
2019/10/13,1924.0,-5.0829296,3.1576822,61.68106,28.390812,-238.62965,32.804447,584.2619,62.66638,323.58368,-205.99126,1232.5992
2019/10/14,1916.0,5.489487,8.587858,53.40678,53.785343,-218.36852,45.502712,579.1136,63.762413,321.60745,-204.15593,1222.7628
2019/10/15,1898.0,7.676825,-5.794994,22.15356,78.5874,-215.42702,16.67634,588.99286,62.49562,320.40717,-196.98679,1224.608
2019/10/16,1897.0,4.5601497,-7.1611834,12.15844,74.51741,-187.67819,-17.7319,604.8394,64.13104,287.69962,-185.32031,1239.2601
2019/10/17,1861.0,-3.0910015,-9.216583,2.4694517,78.2342,-186.1513,-12.295213,585.4429,63.902786,335.5561,-226.48622,1236.6313
2019/10/18,1855.0,7.7773094,2.8492608,-31.990211,82.76785,-164.10104,-24.59343,592.0832,65.37329,354.3597,-260.276,1247.8458
2019/10/19,1855.0,5.6874022,-15.257255,-25.623928,63.88812,-137.32834,-37.143906,576.4451,59.83634,349.28494,-248.66331,1255.5991
2019/10/20,1855.0,-0.35770118,0.36805445,-42.67115,54.01248,-132.90137,-62.45815,573.9027,72.64649,340.68402,-220.55898,1242.8933
2019/10/21,1846.0,-3.2681205,8.02997,-37.47677,43.302135,-116.691956,-69.457085,574.65955,66.686,362.93674,-254.81047,1250.7626
2019/10/22,1806.0,-1.9395962,1.4616343,-33.03442,20.328926,-90.6675,-98.29373,581.163,67.707695,361.5152,-260.19147,1267.2697
2019/10/23,1779.0,5.5333605,-8.748898,-21.404547,13.071598,-74.47282,-145.4529,600.42755,85.0981,380.00778,-297.25482,1272.9451
2019/10/24,1785.0,5.0386353,-12.869745,-23.23729,-13.849154,-95.12017,-90.336266,564.49066,75.65941,351.0185,-235.89873,1247.2572
2019/10/25,1801.0,7.0705824,-8.733344,-19.220404,-11.714952,-72.11349,-152.22005,576.62396,96.439735,339.4343,-221.1133,1241.0958
2019/10/26,1801.0,3.2442572,9.201815,-15.846681,-17.554983,-67.24819,-160.3,598.4466,64.581665,375.7094,-263.50024,1262.4066
2019/10/27,1801.0,1.257953,1.5843301,-15.696531,-19.860592,-65.74277,-141.21152,554.7277,89.59993,332.4688,-214.99385,1247.0603
2019/10/28,1803.0,1.3338085,-5.745993,-5.0510173,-30.357248,-67.409004,-158.47398,574.74084,85.866394,398.6777,-301.06653,1266.9926
2019/10/29,1802.0,-1.8633667,7.4651985,-0.3185268,-27.844639,-71.08717,-135.13817,559.96295,92.83246,375.28516,-288.4436,1265.5309
2019/10/30,1782.0,6.1685705,-8.3695345,25.843893,-43.727787,-59.679302,-169.68654,549.69415,102.433586,361.34326,-252.3181,1257.8094
2019/10/31,1731.0,0.10872282,-11.320411,15.334437,-26.998789,-59.24181,-169.35301,558.1829,95.91534,365.21118,-260.85803,1257.8818
2019/11/1,1697.0,6.140575,-5.251678,-7.347958,-39.04122,-50.391163,-182.56273,549.92206,103.1199,330.9575,-200.24925,1237.9906
2019/11/2,1697.0,-2.1806672,-35.826515,-33.58157,-28.695463,-39.77763,-195.50983,540.44055,98.092354,327.74414,-182.48041,1233.0094
2019/11/3,1697.0,-1.570906,-16.495907,-42.031223,-36.250546,-54.705635,-178.0396,535.0609,101.38685,350.80838,-230.84312,1250.4731
2019/11/4,1675.0,1.3057591,-2.1631298,-34.839672,-38.788357,-51.086655,-193.03358,517.302,95.394066,381.2656,-268.029,1271.482
2019/11/5,1656.0,2.5313392,11.191992,-27.444763,-44.702026,-79.75822,-183.43204,509.95776,106.69122,353.32825,-231.51552,1248.8651
2019/11/6,1533.0,-4.2175856,-7.369686,-23.174809,-63.393127,-71.9084,-191.52667,517.9621,113.49258,312.5939,-167.15123,1221.7307
2019/11/7,1428.0,8.869183,-17.712347,-25.144634,-60.549442,-86.04962,-181.04295,493.4154,113.29498,338.89322,-239.85985,1272.2625
2019/11/8,1378.0,10.911819,-45.482643,-67.31641,-73.586586,-96.63696,-216.57153,524.5513,99.998184,376.64642,-274.34833,1269.1333
2019/11/9,1378.0,14.164492,-47.445023,-75.31685,-102.83593,-112.22543,-220.25603,511.2835,93.4593,396.58835,-283.01312,1270.916
2019/11/10,1378.0,-2.6973252,-17.22438,-94.59667,-119.31842,-136.21793,-230.12474,518.08356,93.02832,331.24158,-193.63223,1223.8688
2019/11/11,1345.0,4.262748,7.1337333,-55.86628,-128.38823,-150.15501,-243.2538,505.04907,87.08325,361.27734,-246.81905,1261.3939
2019/11/12,1354.0,4.496349,5.490711,-78.39873,-134.49672,-164.64156,-241.75575,516.17523,81.64408,363.7172,-255.58885,1255.3701
2019/11/13,1365.0,9.216434,6.1011653,-31.861235,-145.43132,-188.0553,-237.61635,487.8817,84.98365,364.5785,-247.88863,1253.5906
2019/11/14,1364.0,0.13895908,-5.477125,-5.1853166,-142.2235,-191.96701,-279.76715,512.7455,82.89905,362.7383,-269.6443,1273.7328
2019/11/15,1357.0,0.40724856,15.765398,5.401231,-127.10144,-217.2112,-294.4368,531.55365,85.40709,373.79935,-291.23962,1264.4073
2019/11/16,1357.0,0.4497779,-4.994753,21.978617,-115.61653,-224.08452,-286.2761,508.89087,74.87758,372.2089,-287.5832,1268.656
2019/11/17,1357.0,-2.1250944,-0.34065527,26.393518,-97.611404,-208.41646,-349.25403,526.9728,75.98288,382.2316,-276.5869,1259.8502
2019/11/18,1338.0,0.11551307,-3.9302702,16.229418,-80.77909,-206.69878,-364.95694,524.6466,82.64051,394.52808,-309.98212,1269.399
2019/11/19,1304.0,1.7581416,-3.303338,23.081457,-68.78847,-215.69704,-346.45837,509.0207,67.80811,376.4957,-270.62152,1254.3914
2019/11/20,1260.0,7.9175706,-19.201715,7.4777775,-50.997963,-219.83113,-353.40906,499.6692,69.22364,352.63882,-237.91685,1240.621
2019/11/21,1255.0,6.5559716,-22.780756,-25.973616,-31.622463,-239.99678,-361.872,500.6277,98.92895,350.5467,-259.52374,1243.2792
2019/11/22,1284.0,4.208251,-15.401842,-17.622753,-37.62503,-220.28816,-380.04605,480.92627,87.14793,365.209,-265.5642,1244.8196
2019/11/23,1284.0,-9.419953,-4.85154,-12.592216,-33.59464,-242.98238,-392.59863,485.34656,97.441246,338.27335,-224.06718,1224.9342
2019/11/24,1284.0,2.5345469,11.668748,-21.792545,-26.604195,-211.71217,-435.8757,495.6131,90.988754,337.82812,-215.81071,1228.7701
2019/11/25,1351.0,-1.2397721,20.361055,-8.583508,-9.274113,-213.1728,-436.48502,477.85693,91.85164,360.28293,-255.05449,1239.1313
2019/11/26,1426.0,-8.742414,11.774415,2.2280483,-14.097346,-210.32149,-428.5654,480.75824,83.47397,403.0134,-333.02094,1275.9196
2019/11/27,1440.0,-11.542095,18.122475,41.953243,6.264834,-208.32986,-431.42667,459.16565,82.22017,380.03458,-282.044,1261.4507
2019/11/28,1467.0,1.188404,29.026712,52.96038,50.643444,-179.16028,-444.835,441.46457,88.08051,358.59332,-252.62791,1255.0194
2019/11/29,1528.0,-3.9130712,14.043464,82.00682,50.497795,-166.82785,-449.10953,457.31677,90.841995,369.23468,-262.34216,1243.7688
2019/11/30,1528.0,-2.5014186,1.1147358,74.84811,85.65403,-139.9089,-471.0983,447.01642,81.93783,368.23013,-260.52765,1260.0945
2019/12/1,1528.0,2.9411905,2.8590066,70.11839,85.72482,-121.316864,-461.5073,422.5196,114.12621,357.01855,-266.4856,1257.5731
2019/12/2,1568.0,4.803889,4.2499485,56.549282,117.19081,-111.98283,-456.3016,448.6541,82.06737,303.25452,-181.41263,1240.1747
2019/12/3,1606.0,-5.1624928,-2.7870903,32.455982,131.95485,-93.2533,-453.68808,439.11588,89.51765,398.7983,-308.60516,1272.3079
2019/12/4,1599.0,-9.329731,-0.7967608,27.195456,132.89775,-66.96052,-447.64365,424.8185,87.6435,424.29025,-332.4431,1283.9362
2019/12/5,1575.0,-0.6068753,0.25466794,31.843494,118.53785,-17.258524,-460.88248,400.76917,95.354126,395.81082,-311.67267,1290.9783
2019/12/6,1558.0,3.2720714,-4.8763614,11.334828,141.33434,-16.619778,-452.66275,397.86914,107.0757,375.36362,-262.5083,1254.5552
2019/12/7,1558.0,-5.343006,-21.057459,-1.9454739,117.34038,20.15571,-436.27475,364.27148,98.91448,385.10666,-263.56964,1263.0734
2019/12/8,1558.0,-0.23776948,5.953309,-21.147781,107.90475,27.138966,-444.71695,367.4508,115.92295,384.2838,-290.37244,1281.1586
2019/12/9,1551.0,1.0904267,7.8892093,-30.752884,86.127525,42.618755,-412.66312,335.4681,101.72036,369.3579,-234.77922,1259.3767
2019/12/10,1528.0,6.508047,-8.981545,-20.686666,84.058304,64.64229,-405.7388,308.70178,135.22298,362.98526,-257.28735,1271.0978
2019/12/11,1460.0,5.4575768,5.0030937,-26.165056,60.74888,76.90981,-394.444,264.9451,133.94675,332.8413,-164.39093,1230.3345
2019/12/12,1388.0,6.79286,-14.953812,-19.322474,32.035576,80.30843,-384.5534,272.1811,120.91473,389.06357,-264.47955,1273.6544
2019/12/13,1355.0,13.217721,-30.770111,-47.165585,5.3176084,82.79802,-390.94025,284.9445,120.79773,335.2559,-182.06912,1236.6627
2019/12/14,1355.0,7.054046,-33.75391,-66.43697,-38.017803,83.20066,-366.12527,238.07785,122.49249,368.71762,-217.49385,1258.9365
2019/12/15,1355.0,3.6663253,-12.397694,-67.57807,-70.06964,80.51077,-362.67288,210.01016,136.66478,381.20938,-241.74922,1274.6195
2019/12/16,1315.0,0.81179893,12.155227,-62.868336,-81.026215,67.17404,-359.72028,224.37048,107.54059,406.37604,-265.64435,1284.1211
2019/12/17,1281.0,-0.34428257,-2.8893754,-53.153122,-86.42094,61.798363,-344.83066,197.14774,124.01234,350.4526,-188.51266,1252.1416
2019/12/18,1221.0,7.3090167,-1.550712,-33.326683,-105.24492,38.382607,-348.01694,189.0033,128.56105,354.7588,-189.41801,1252.1644
2019/12/19,1151.0,5.343741,-7.3274784,-50.829384,-130.63435,33.54208,-353.51074,200.87448,117.73912,379.92804,-220.2689,1260.4863
2019/12/20,1123.0,11.193086,-23.698298,-49.047543,-135.75333,13.811408,-339.62802,194.87991,119.90938,364.04474,-204.49931,1252.0605
2019/12/21,1123.0,5.6576633,-21.045887,-45.34414,-141.06235,-13.336178,-364.3616,203.86401,125.892876,341.85452,-200.78435,1266.6643
2019/12/22,1123.0,4.2380877,-13.266992,-54.146908,-157.46976,-23.880873,-367.76086,200.31155,132.24239,401.76764,-285.3673,1281.0967
2019/12/23,1103.0,-8.72166,2.3695436,-38.11196,-163.8962,-47.216446,-381.12088,196.14645,128.00198,332.60315,-143.42686,1221.8734
2019/12/24,1090.0,0.039828192,-3.3701568,-26.417015,-164.62323,-61.74021,-415.21863,236.06012,125.844055,363.6273,-233.35625,1268.433
2019/12/25,1090.0,5.7611465,-5.574239,-21.341164,-155.93729,-79.79498,-428.6657,253.92572,116.37938,334.4256,-181.65076,1245.5212
2019/12/26,1090.0,0.067086704,4.159639,-13.736832,-150.43239,-94.98832,-451.7421,259.0711,107.40991,348.79083,-190.01384,1246.1218
2019/12/27,1090.0,3.7271209,0.59412354,5.9305053,-141.51776,-95.91437,-460.21027,253.00467,111.57683,380.3743,-251.69139,1267.9816
2019/12/28,1090.0,1.402005,4.7318125,27.025362,-129.76117,-115.24147,-474.63077,267.36386,109.09199,348.7809,-203.74574,1246.4639
2019/12/29,1090.0,2.875793,10.100482,0.6961959,-103.31314,-129.05782,-498.1821,281.38715,108.08956,380.3097,-248.73476,1262.0437
2019/12/30,1090.0,0.16560926,-1.1971639,20.580069,-100.87827,-116.73511,-519.70966,277.7948,106.78311,377.41187,-259.97638,1271.6914
2019/12/31,1090.0,3.1822467,5.530197,23.639713,-56.260834,-129.90193,-535.32495,272.60663,113.17474,380.8985,-242.07014,1248.4113
2020/1/1,1090.0,-3.9585767,-3.3928585,7.0957756,-54.321968,-136.79678,-552.268,313.80298,99.62288,345.34097,-241.11485,1263.6931
2020/1/2,976.0,6.1204057,6.156735,13.639669,-36.36338,-131.82793,-564.7391,297.5237,106.99335,376.1856,-260.10596,1265.1738
2020/1/3,907.0,10.698352,-7.2221584,-0.56836367,-41.633217,-141.55324,-558.25964,292.76462,95.58452,392.21072,-289.40814,1283.1279
2020/1/4,907.0,14.50122,-38.998146,-17.232178,-50.179726,-148.04181,-584.3042,317.94788,89.75347,336.8175,-198.50421,1241.3615
2020/1/5,907.0,1.6191334,-30.050915,-59.882854,-49.56231,-169.16664,-571.49884,290.87122,97.02181,349.46964,-247.38939,1273.7095
2020/1/6,844.0,-0.30733767,-0.33530372,-62.73994,-70.11141,-148.99359,-616.9767,297.06015,103.80075,349.65796,-240.81148,1256.5068
2020/1/7,791.0,9.0625725,-8.459596,-50.707523,-91.99599,-164.35417,-616.3885,307.99084,85.61823,376.8516,-274.79968,1274.605
2020/1/8,773.0,7.1868806,-23.495228,-60.695023,-86.638,-158.63818,-643.1467,287.3609,95.80001,356.50247,-236.7277,1255.2678
2020/1/9,772.0,12.781488,-4.4337587,-63.441086,-86.386444,-190.41988,-662.5253,312.625,100.41553,386.18002,-292.27777,1272.6383
2020/1/10,774.0,-2.0071852,-18.982725,-61.57819,-111.31069,-182.23976,-667.504,304.3652,84.5392,378.87408,-271.96198,1265.2043
2020/1/11,774.0,2.0294619,9.387266,-32.6658,-129.72519,-186.56609,-676.31213,298.00278,86.0855,393.79535,-286.74072,1258.853
2020/1/12,774.0,0.4890673,9.704216,-15.745716,-113.01087,-191.68294,-707.0498,307.85898,92.69422,334.15454,-212.54741,1231.7423
2020/1/13,765.0,3.5940478,2.1767309,-8.004001,-106.31781,-196.15784,-722.81586,295.38763,92.06102,358.38046,-249.17235,1250.5004
2020/1/14,763.0,-2.849291,4.162366,0.84152716,-101.75445,-208.13255,-716.7903,297.39423,79.87129,340.24197,-215.22926,1245.1299
2020/1/15,768.0,-1.7527657,-5.432686,15.301957,-84.00232,-225.7487,-722.4808,305.8804,73.775894,381.06375,-288.21582,1263.1464
2020/1/16,768.0,-1.3995727,-1.1615205,7.918272,-68.14469,-216.95833,-724.89136,275.33932,81.31121,347.75745,-229.83815,1242.6478
2020/1/17,754.0,-2.0427587,10.541998,8.94852,-57.458538,-208.59944,-756.4965,275.0852,93.51781,375.0055,-278.34308,1258.7157
2020/1/18,754.0,-4.5519395,8.27269,-0.58404547,-51.12357,-194.96191,-772.09894,290.03375,67.034805,339.6664,-199.95616,1223.7573
2020/1/19,754.0,-1.6212189,7.307733,12.264893,-38.377716,-209.82729,-776.8471,282.48224,73.820915,391.79022,-296.886,1266.8748
2020/1/20,729.0,-4.3403115,-9.9673605,2.6000617,-27.179611,-187.1213,-781.787,271.25848,65.77494,387.98895,-287.87445,1258.7223
2020/1/21,689.0,4.2956395,1.869078,-4.172011,-4.53078,-174.01622,-809.506,286.7333,52.157516,352.64145,-230.17729,1237.601
2020/1/22,623.0,3.2532592,-23.389627,-8.743652,-21.660463,-168.61266,-796.85565,280.47183,69.29013,366.59454,-283.76257,1255.5956
2020/1/23,576.0,0.8788116,-15.861741,-29.574026,-30.873014,-179.53624,-809.38104,265.42752,64.389496,354.46774,-247.57619,1242.5536
2020/1/24,557.0,6.8564878,-32.391644,-40.15423,-30.218733,-183.45009,-828.0574,267.49533,56.710846,368.44427,-256.59125,1240.8842
2020/1/25,557.0,3.1322703,-20.152487,-58.446896,-47.582844,-184.36394,-817.3878,238.34555,66.89022,331.57703,-212.08391,1228.5092
2020/1/26,557.0,1.2882291,-9.701961,-66.25135,-60.610294,-168.67679,-848.57263,262.43292,53.39537,324.23203,-211.12953,1229.9152
2020/1/27,546.0,0.7675439,-2.0701728,-54.855637,-57.744198,-178.67345,-847.61066,256.36105,48.023186,333.1754,-230.06013,1231.6304
2020/1/28,539.0,2.3593483,13.149826,-25.541204,-58.350273,-201.84895,-862.79425,241.35153,59.42128,357.22015,-262.19775,1247.654
2020/1/29,525.0,-0.55879474,2.2093177,-23.440773,-66.30889,-201.38625,-861.95233,251.6365,49.837593,334.524,-258.20227,1257.3319
2020/1/30,498.0,4.2893295,4.7854767,-14.574636,-58.21558,-181.81747,-881.9337,240.63174,35.888138,358.76407,-249.17613,1237.6989
2020/1/31,487.0,1.9325036,-3.637708,-3.4377236,-61.860355,-198.0969,-866.5475,222.25461,51.192924,338.6045,-234.14613,1228.2806
2020/2/1,487.0,2.5017207,7.148779,-10.315218,-63.31096,-173.61522,-883.3307,212.49649,34.726654,366.09512,-253.33388,1231.0632
2020/2/2,487.0,3.1064599,-6.2137647,-14.002539,-61.62114,-207.77246,-901.22723,247.8909,45.42961,332.34436,-225.53578,1222.3191
2020/2/3,466.0,0.6523677,4.3471045,-6.9799023,-44.606884,-191.0122,-907.2345,235.2685,36.13774,373.07184,-297.44855,1246.0339
2020/2/4,453.0,5.6543145,1.107659,4.782554,-56.148956,-174.11166,-919.71985,203.65063,42.584694,342.11447,-246.42134,1233.9219
2020/2/5,430.0,1.5097332,-6.637265,2.1624913,-41.677296,-202.55292,-912.9664,211.69293,31.49521,336.51578,-225.33131,1221.1846
2020/2/6,431.0,2.2634676,-8.114425,-11.16783,-42.640392,-208.41136,-925.9471,220.08109,38.591698,339.53732,-233.44203,1216.5608
2020/2/7,415.0,1.2224345,-5.3155804,-12.37288,-36.69848,-187.16586,-956.6541,209.51355,42.142776,336.01062,-229.71687,1218.9464
2020/2/8,415.0,0.28732097,9.690818,-19.301062,-31.036848,-190.47261,-948.83734,182.18417,50.419968,293.8664,-164.58583,1201.5468
2020/2/9,415.0,-1.9325583,-4.166614,-12.129933,-26.512337,-160.57304,-981.35095,185.375,35.82013,292.90765,-188.67772,1216.3206
2020/2/10,411.0,1.0515825,-8.195215,-11.726426,-30.741215,-180.9531,-948.0061,190.03473,16.133469,306.52072,-193.71825,1206.0665
2020/2/11,418.0,-2.7192826,-8.725413,1.9988067,-28.948072,-163.91006,-967.05896,175.01816,36.228573,312.61,-206.14247,1207.737
2020/2/12,421.0,2.8235593,-2.7189314,3.3974764,-14.302123,-155.94215,-982.17487,181.9097,18.6726,349.39767,-243.32564,1213.1967
2020/2/13,421.0,0.32780907,7.944302,6.0949855,-16.03327,-146.24675,-981.1218,181.32568,11.123441,318.15952,-219.61461,1213.3816
2020/2/14,425.0,-5.3097463,7.189143,-1.915999,-7.275239,-153.47926,-988.6475,159.98993,19.376923,307.3664,-191.56242,1207.5927
2020/2/15,425.0,5.407456,4.6413884,7.1181393,-9.035144,-146.68614,-990.97894,164.1773,17.847427,325.8004,-206.03047,1208.5161
2020/2/16,425.0,-5.5036654,1.6003435,8.52658,4.0151396,-131.84596,-992.41315,156.09604,10.806576,344.544,-258.07086,1223.5706
2020/2/17,434.0,-0.3703052,4.8234024,-6.905974,7.7572227,-104.74245,-1023.4836,155.20453,21.679523,355.79004,-270.5337,1227.2806
2020/2/18,450.0,-0.48336092,-2.0777416,11.310933,20.338446,-111.98987,-1025.7145,170.08527,11.181869,324.04547,-230.92989,1214.1017
2020/2/19,465.0,-1.9150605,4.9645863,-2.187846,10.858429,-87.999016,-1027.584,166.48035,0.02845192,313.48074,-211.947,1209.462
2020/2/20,480.0,0.14083093,16.089195,26.047915,18.92261,-85.100075,-1005.87177,122.3269,-0.4330454,310.03284,-203.96233,1213.7366
2020/2/21,497.0,2.0264883,6.806476,24.980482,38.3561,-50.992294,-1015.9738,127.609795,3.9553437,303.98813,-181.29813,1184.8787
2020/2/22,497.0,-1.0500609,15.830691,18.605984,23.829103,-52.038895,-1001.73914,109.21642,8.774562,321.99707,-219.1168,1205.2264
2020/2/23,497.0,-0.48962775,10.154877,14.896465,37.395298,-44.86472,-999.1441,108.76525,0.8795233,285.61768,-159.53204,1186.0891
2020/2/24,506.0,-1.5737603,-7.0495224,7.5832334,44.73624,-13.133805,-988.3349,105.20127,-4.218581,305.81726,-204.94838,1189.0911
2020/2/25,508.0,-1.6546903,-2.2188427,4.5242424,45.37466,-7.530999,-997.1987,101.54327,0.49716854,293.76108,-180.65112,1188.2185
2020/2/26,517.0,3.9800892,11.02362,4.31301,34.733555,8.773957,-957.9751,46.070435,-7.1385994,325.6464,-222.49388,1207.8237
2020/2/27,529.0,-8.078299,0.7954093,-4.803981,38.16429,10.186718,-974.36816,85.00376,-5.098068,278.36072,-153.54381,1176.2977
2020/2/28,535.0,3.2694206,6.755778,8.44423,32.213295,15.59191,-950.15234,64.81591,-12.617323,297.48865,-180.41377,1188.4751
2020/2/29,535.0,3.20735,7.195011,0.44845402,50.296257,29.729362,-923.05237,35.109505,-8.31945,313.51205,-213.5847,1196.8105
2020/3/1,535.0,-4.9954715,14.711338,-3.0798414,32.140213,32.767056,-891.50494,32.885307,-9.576307,300.6172,-190.21239,1176.1763
2020/3/2,539.0,3.5878217,4.522396,-1.7928118,38.87785,63.744728,-879.49664,-13.494274,-5.53154,288.6779,-185.1379,1195.5698
2020/3/3,549.0,3.057463,1.0482546,9.303758,29.105488,57.26139,-856.19586,-28.257942,-9.772293,287.55316,-176.89615,1185.9966
2020/3/4,562.0,-4.843582,-3.389179,16.784904,26.724985,77.956116,-864.7965,-6.578884,-16.476229,287.8468,-180.93866,1179.3165
2020/3/5,599.0,-3.345077,10.665742,1.194041,27.940895,63.790787,-827.3022,-31.025723,-27.374712,326.8606,-236.79771,1206.9546
2020/3/6,617.0,3.51084,18.604849,12.783388,23.729479,82.914604,-793.2704,-52.98971,-23.664183,308.9198,-215.88017,1193.0712
2020/3/7,617.0,-4.2958674,10.527638,26.799696,29.60797,80.2551,-768.56683,-81.29774,-18.898453,295.29276,-197.39252,1194.6547
2020/3/8,617.0,-4.38577,7.7748756,28.052618,32.73633,94.286125,-754.2707,-89.0786,-16.48761,299.48303,-220.00465,1201.2213
2020/3/9,616.0,1.3682771,5.9572725,13.247269,38.412243,102.270935,-727.5,-108.28346,-23.308252,313.62204,-230.81133,1201.1418
2020/3/10,627.0,-2.5729694,0.8996318,12.985627,32.696075,104.81178,-668.70215,-141.28476,-37.512146,297.3664,-201.38896,1189.4753
2020/3/11,631.0,-4.4990716,-0.7868103,11.004515,30.24496,109.992294,-647.39575,-166.17923,-27.974936,304.1919,-226.87254,1202.1201
2020/3/12,633.0,1.1517966,4.42695,-0.001427345,25.640877,110.00683,-641.2843,-161.65387,-26.549726,300.3858,-215.35384,1192.7385
2020/3/13,631.0,-4.590176,9.086647,1.5786694,43.483913,108.57823,-575.3331,-207.11884,-36.753242,281.43787,-187.82812,1184.566
2020/3/14,631.0,-10.131912,2.275622,-17.41984,28.648811,107.25838,-574.6078,-197.55777,-37.50981,266.9218,-166.5634,1178.7045
2020/3/15,631.0,3.2365756,4.0532203,-6.1533575,20.523834,124.69084,-581.3747,-197.3259,-28.75844,297.62134,-204.81316,1184.7485
2020/3/16,623.0,-1.34057,-8.1574745,-4.0425963,10.563014,125.40064,-541.22705,-220.92639,-36.14205,267.89526,-174.21571,1181.2489
2020/3/17,612.0,3.3054721,4.735594,-1.8490087,16.360312,106.95833,-467.72324,-266.2041,-42.32759,294.45892,-200.01878,1174.1512
2020/3/18,629.0,-7.9422216,-0.4767279,-13.076992,3.457837,110.8267,-465.97617,-263.58807,-48.031822,291.8587,-200.0691,1180.3809
2020/3/19,630.0,0.10169741,5.6203747,1.0534526,0.2947862,102.97427,-444.22455,-263.72202,-45.472137,287.77106,-206.54805,1177.9453
2020/3/20,625.0,-1.095342,-3.771486,-3.334736,-9.543127,102.03005,-440.26743,-268.99084,-49.781013,282.83868,-197.08804,1176.4557
2020/3/21,625.0,-5.0151687,1.9016804,-2.701968,-15.25775,101.20015,-419.25296,-277.745,-51.300346,281.61798,-193.10448,1171.9836
2020/3/22,625.0,-4.633003,-4.550568,-7.815547,-16.891197,101.62738,-378.5346,-323.61893,-40.929626,285.9355,-196.6095,1173.6807
2020/3/23,617.0,3.397092,3.6649613,1.3314996,-2.0695336,106.65754,-359.34998,-333.16116,-32.949547,298.9381,-249.29573,1194.7484
2020/3/24,603.0,-1.7790843,-0.5369155,-4.8224406,-25.458025,85.73898,-309.7878,-350.80927,-57.154633,289.76855,-226.72652,1183.0222
2020/3/25,582.0,8.61869,-13.496916,-8.461272,-6.716521,75.96436,-257.68893,-380.8984,-69.33667,293.41364,-229.20674,1182.1233
2020/3/26,569.0,0.21573895,-4.360718,-15.915617,-27.147743,77.94572,-257.2688,-379.29498,-61.602737,270.65057,-190.76134,1163.8198
2020/3/27,556.0,-6.503726,-7.841502,-9.906015,-28.852472,58.33617,-251.02643,-375.1437,-60.284546,294.6002,-225.2632,1166.2323
2020/3/28,556.0,3.9417064,-6.9345665,-12.302824,-30.436283,58.844433,-234.15018,-371.26636,-72.83383,267.04514,-177.87764,1149.6555
2020/3/29,556.0,-6.409587,5.273506,-26.371943,-35.00835,43.00621,-220.56166,-395.5227,-66.17084,298.89755,-232.62926,1166.9691
2020/3/30,548.0,4.0819054,9.2778225,-11.940595,-32.767555,39.914795,-225.97977,-387.1481,-65.889084,284.5777,-228.28426,1171.8047
2020/3/31,626.0,6.327096,-1.2460064,1.633618,-37.59078,27.569157,-204.82991,-381.9475,-81.90019,254.37149,-177.8553,1156.7478
2020/4/1,624.0,-4.146502,15.831571,2.5217354,-35.343456,25.82963,-187.45776,-403.40158,-81.766884,301.4755,-248.81313,1180.3037
2020/4/2,624.0,1.3698218,26.052595,15.86437,-28.363224,19.173838,-134.79959,-434.86234,-84.42522,270.57214,-212.15236,1165.54
2020/4/3,616.0,3.0444002,2.9728448,21.689299,-3.8890963,16.105135,-146.09842,-418.226,-92.06375,290.4589,-223.00365,1160.5471
2020/4/4,616.0,-0.2316674,-0.94625634,34.95941,-6.0458035,-2.2370892,-98.54905,-443.9314,-91.2753,224.70905,-152.26532,1149.6276
2020/4/5,616.0,-0.66708755,-9.241383,23.57377,-3.744866,8.446452,-111.43667,-445.47968,-89.67489,237.22688,-151.40991,1137.6599
2020/4/6,604.0,-4.611893,-2.6041656,4.386749,11.563831,14.223971,-136.58623,-412.53876,-87.58471,264.19336,-186.05824,1135.9393
2020/4/7,596.0,-0.16776124,2.0377586,7.434756,11.636976,5.271779,-78.14168,-440.16278,-98.498314,240.813,-173.94513,1142.0024
2020/4/8,607.0,5.0188093,-4.3216014,-0.45549583,16.043274,0.33931446,-70.54113,-453.90152,-98.38741,270.59552,-215.4073,1153.0686
2020/4/9,635.0,-2.9314058,-3.9912426,-12.338819,10.534245,1.2426395,-55.54078,-456.66202,-101.35101,225.49008,-145.98392,1130.5061
2020/4/10,635.0,-3.2475975,8.32362,-8.33456,12.012239,0.6542628,-64.84583,-454.7227,-99.062195,243.90665,-169.3074,1134.0681
2020/4/11,635.0,-2.3446574,9.571461,-5.6389413,18.400059,1.0151365,-36.485672,-455.02682,-114.485725,237.44194,-167.56995,1130.6881
2020/4/12,635.0,-4.426535,6.2123404,8.806463,14.366076,12.957406,-85.908264,-422.151,-104.45472,271.6222,-215.65562,1148.0464
2020/4/13,635.0,-2.631837,-4.552181,-6.897555,15.0005045,-2.3591373,-35.07004,-457.72852,-113.728615,248.12132,-186.27681,1145.2345
2020/4/14,679.0,-6.372794,0.18777509,1.977834,20.26857,-0.25610518,-4.5530596,-453.40823,-120.584366,249.42413,-204.76555,1144.6602
2020/4/15,706.0,-6.162056,-1.3533278,4.063153,20.649147,-6.2919097,-0.714319,-467.15274,-118.23598,207.1176,-128.85278,1122.66
2020/4/16,726.0,-3.443284,10.126321,4.2895155,24.324787,19.687689,-41.22057,-431.38525,-125.11034,241.34311,-192.61803,1150.6935
2020/4/17,751.0,-3.0620468,14.175041,26.86346,24.06812,14.768111,-32.681248,-431.12216,-118.87979,246.8708,-185.51929,1135.4304
2020/4/18,751.0,-3.5358949,4.2545967,31.567635,37.88004,20.369078,-21.829378,-431.83044,-122.40442,222.04561,-156.85506,1125.9972
2020/4/19,751.0,-0.52080417,-3.5282698,26.28817,48.457336,26.543743,-11.826862,-434.1621,-124.938324,211.71436,-130.37083,1120.732
2020/4/20,757.0,3.6632338,8.286042,25.57855,49.1356,37.092567,-23.81304,-424.7214,-124.27174,259.74268,-197.21533,1138.0421
2020/4/21,728.0,-1.45249,-10.504679,18.507036,54.849712,37.922264,5.3516665,-422.71753,-126.02536,227.57964,-176.59303,1130.5415
2020/4/22,694.0,-4.307014,6.3921137,-5.2277365,47.487244,53.72568,9.621157,-438.87555,-119.034515,222.44536,-155.49937,1123.9369
2020/4/23,672.0,-0.3232095,-11.353154,-0.7315129,39.320854,51.64472,4.4820094,-400.4746,-144.26651,214.21748,-142.72812,1118.9841
2020/4/24,665.0,4.294371,-21.504831,-24.666468,33.237194,43.27365,10.980324,-429.60007,-126.891525,226.21378,-145.57486,1118.1877
2020/4/25,665.0,5.8239136,0.6475823,-42.9206,19.5082,43.250484,29.441322,-427.58334,-131.3563,238.69777,-196.1107,1133.9656
2020/4/26,665.0,-5.09308,-4.9864507,-36.053993,-9.604714,40.26961,68.681816,-459.13797,-132.1771,233.47987,-180.21613,1129.3723
2020/4/27,661.0,-1.8698744,3.8795087,-22.340551,-6.253225,37.96726,40.965122,-405.03354,-148.09146,216.97003,-151.9353,1112.6451
2020/4/28,655.0,0.84598434,-0.104599684,-34.91297,-19.635717,37.491333,68.79227,-430.55875,-144.59294,212.85912,-151.78586,1119.153
2020/4/29,643.0,-4.8279843,-0.3891483,-31.634628,-23.717695,24.023264,51.894073,-419.24332,-146.98314,232.51195,-173.79514,1119.5865
2020/4/30,635.0,3.627183,6.728186,-2.9893599,-31.629745,33.80102,74.56163,-428.96567,-147.93146,200.881,-122.13957,1103.1099
2020/5/1,617.0,1.7229705,2.2361712,-9.745153,-37.279858,24.227568,50.431324,-400.17346,-147.35905,241.3777,-202.93391,1123.7266
2020/5/2,617.0,3.46489,-4.478781,-3.275182,-46.75795,17.993252,66.13284,-425.299,-143.97829,202.79054,-138.4484,1107.19
2020/5/3,617.0,2.4757378,-6.967198,-8.305232,-44.258644,4.6100597,65.92866,-412.39102,-151.67819,236.84932,-205.87645,1131.9583
2020/5/4,598.0,-2.3514771,2.719872,-18.520935,-48.03224,6.9283905,86.86249,-410.09433,-156.87332,194.61455,-142.22427,1102.1552
2020/5/5,575.0,8.232943,-5.7968607,-4.4286427,-41.82667,-6.756893,87.82582,-406.1724,-161.32083,183.45905,-128.04121,1105.694
2020/5/6,534.0,0.8015895,-2.704264,-4.0368724,-54.80638,-12.897211,68.53087,-399.87634,-149.94928,179.36392,-132.18915,1106.2822
2020/5/7,514.0,6.6769905,-13.341918,-18.532562,-46.564285,-19.229263,48.29279,-361.89566,-172.90575,193.63931,-163.94939,1113.5432
2020/5/8,514.0,1.4093536,-7.252421,-15.194965,-46.84554,-27.324514,69.781456,-397.04507,-159.64136,170.88734,-125.83487,1106.5387
2020/5/9,514.0,-5.268111,-2.1753569,-17.585918,-65.18525,-39.981964,62.665367,-372.27112,-184.37354,212.11368,-182.55345,1118.3616
2020/5/10,514.0,-1.1277709,5.7111225,-16.502502,-55.345837,-46.989483,64.2703,-362.86005,-189.61728,185.43584,-144.05931,1102.6088
2020/5/11,474.0,1.5829829,9.759629,-27.559446,-59.68829,-62.24496,69.32638,-382.15652,-184.30087,206.01096,-181.3075,1114.2738
2020/5/12,433.0,0.96611416,-10.673499,-14.132075,-56.28077,-63.309105,62.52712,-381.6125,-187.87146,194.10681,-139.75566,1099.1898
2020/5/13,398.0,4.5190234,-15.971321,-9.3383665,-56.59617,-64.10016,46.87256,-377.46024,-180.8338,170.74263,-113.481155,1088.9015
2020/5/14,393.0,6.740395,-37.2808,-15.313328,-70.14622,-71.66543,46.24198,-351.87616,-190.73485,165.26103,-127.71445,1092.9473
2020/5/15,407.0,1.4633025,-15.319643,-48.67532,-74.73168,-86.00968,42.36255,-348.85046,-199.6222,175.29237,-156.82155,1103.2533
2020/5/16,407.0,-3.189179,-0.2660612,-31.422808,-71.780045,-96.07021,30.531643,-354.41385,-188.62639,193.70105,-161.07867,1093.5284
2020/5/17,407.0,7.7763414,20.64089,-19.197298,-62.11517,-107.35339,24.091389,-345.59897,-203.0505,162.45702,-118.23027,1087.5774
2020/5/18,427.0,8.589032,7.512017,-3.1110027,-57.941135,-104.345924,15.450557,-371.4423,-184.67989,167.9662,-131.15218,1093.7682
2020/5/19,453.0,-5.6181507,7.381599,3.2041914,-54.43909,-107.42609,16.179604,-358.09537,-212.34497,207.60341,-198.5919,1115.8413
2020/5/20,477.0,-6.453937,7.7749715,-0.120958015,-38.804596,-107.63889,-7.9773016,-376.49817,-171.65262,167.66263,-141.16556,1095.5759
2020/5/21,494.0,-5.738137,0.7100568,33.092037,-43.917126,-109.80158,-4.098855,-354.07785,-196.50372,173.56528,-146.34479,1093.6614
2020/5/22,498.0,-8.923765,5.928275,26.01566,2.7562706,-101.22634,-16.081573,-353.63373,-209.04413,163.61282,-112.1611,1089.2966
2020/5/23,498.0,0.15429579,5.5696764,35.909607,-0.98743933,-100.77437,-15.7311,-355.2014,-207.07173,165.5665,-126.09125,1089.7897
2020/5/24,498.0,5.0247827,-4.642624,44.11536,19.929712,-90.95667,-33.72007,-365.3866,-182.47437,181.00998,-140.81583,1084.8337
2020/5/25,498.0,3.5193343,6.0303526,22.733223,28.493462,-85.70078,-22.05375,-354.99756,-204.32498,177.75742,-157.64395,1098.9248
2020/5/26,506.0,-0.37983996,-12.008594,6.68558,33.63195,-71.79824,-43.90358,-359.65125,-185.48344,137.17087,-77.10338,1073.0939
2020/5/27,502.0,-4.851143,-11.82354,3.8660445,48.652744,-72.72828,-41.5096,-350.72104,-194.98541,147.69995,-108.80617,1086.4177
2020/5/28,489.0,-3.3655264,4.0645385,1.63458,41.075623,-62.569687,-17.96412,-375.99557,-195.21278,184.60126,-148.26665,1088.2928
2020/5/29,504.0,-0.13060863,5.030777,-25.659538,52.012672,-53.887257,-42.790188,-377.80505,-178.66838,125.674286,-46.22682,1060.319
2020/5/30,504.0,-1.3689767,1.9262073,-7.2768316,46.7833,-51.28749,-54.80756,-363.69568,-188.03633,161.65997,-123.94879,1081.8818
2020/5/31,504.0,2.7311144,10.540863,-4.482585,54.14573,-38.884995,-59.497723,-366.31964,-180.65265,168.43057,-125.58412,1080.9956
2020/6/1,520.0,-7.8034625,-14.575601,-1.2258799,31.356543,-30.380377,-60.44788,-361.0727,-194.92152,165.87779,-128.52916,1089.2073
2020/6/2,546.0,-4.231741,-2.9328718,-11.280796,38.4313,-29.19268,-47.727047,-367.80905,-190.98312,137.82033,-73.677704,1069.968
2020/6/3,592.0,-3.2575023,8.637797,-1.7520276,39.443302,-16.828066,-59.157616,-360.6168,-191.10355,132.66568,-68.6494,1068.3708
2020/6/4,632.0,-3.1571708,7.8134437,21.195599,35.766335,-16.771244,-52.113857,-352.2211,-196.18617,171.88255,-137.83774,1083.8358
2020/6/5,679.0,-6.3739777,18.748434,24.523008,30.895382,-5.5055304,-49.47164,-351.5207,-190.16156,167.65025,-133.38002,1078.0342
2020/6/6,679.0,-3.9052553,23.275177,47.805782,52.557537,10.391628,-48.878284,-353.3212,-188.71764,158.0274,-103.58606,1069.0221
2020/6/7,679.0,3.080512,22.661606,54.581383,65.97836,21.142614,-41.395737,-334.1544,-201.70872,164.99289,-129.2577,1075.4247
2020/6/8,698.0,-9.561873,0.9155207,45.706573,75.42933,28.68244,-44.41779,-345.68106,-192.48798,172.58249,-162.6539,1098.2157
2020/6/9,714.0,-7.541442,-8.469044,45.37878,76.221146,51.225487,-38.738194,-338.1234,-195.66116,143.06985,-97.67497,1072.4594
2020/6/10,764.0,-2.6638563,9.329045,9.772844,80.79162,63.970306,-26.350317,-322.4078,-211.58142,149.52588,-107.661194,1071.5372
2020/6/11,839.0,-8.318656,9.178443,24.559082,86.61013,71.595924,-28.270777,-315.4941,-215.81616,148.58035,-106.11841,1072.6487
2020/6/12,923.0,-7.5325985,9.9759445,45.98666,91.79305,85.51852,-9.998565,-305.85953,-222.78673,155.72124,-124.577774,1071.6958
2020/6/13,923.0,-17.01073,37.99252,41.089386,102.42367,104.68276,-9.528204,-277.06668,-246.63405,124.633156,-103.670975,1083.1576
2020/6/14,923.0,-8.219856,33.36471,60.52046,112.206535,120.939514,11.950107,-265.0448,-241.49255,131.73877,-106.22412,1069.5994
2020/6/15,973.0,-4.5414433,10.386376,56.220024,123.166595,120.44942,32.75475,-247.61176,-241.91158,105.60504,-102.933105,1072.8347
2020/6/16,1054.0,-5.1791086,-0.042353317,66.27447,135.96132,134.75478,54.441692,-269.62448,-248.1769,126.083954,-128.07066,1080.4795
2020/6/17,1246.0,-3.2427907,11.0218315,53.251713,132.83702,159.10022,58.076756,-222.62491,-264.80762,86.1951,-81.89461,1077.31
2020/6/18,1527.0,-13.844721,35.616947,57.845634,158.89311,169.31107,69.492645,-224.86118,-251.88277,124.982704,-119.66466,1074.0007
2020/6/19,1555.0,-19.109488,106.21487,119.71078,193.86195,206.44453,103.14311,-231.20209,-257.58676,94.76463,-62.787567,1060.5198
2020/6/20,1555.0,-17.607082,93.28249,166.1817,220.7413,239.24756,137.12486,-229.20297,-247.06947,102.69922,-96.88585,1073.5892
2020/6/21,1555.0,8.145968,45.36925,193.8311,255.74211,262.82846,156.74667,-189.4986,-266.57986,98.66769,-72.25453,1065.3451
2020/6/22,1558.0,5.508082,-26.423729,159.4718,267.65152,309.06775,172.55908,-173.00891,-265.68304,129.8443,-129.63359,1086.1207
2020/6/23,1617.0,-3.0721495,-26.823835,98.253235,282.7107,331.1176,199.99179,-183.14493,-240.39468,113.45767,-86.7287,1066.7054
2020/6/24,1705.0,-4.309349,-19.893423,68.68903,295.33124,344.67047,224.5634,-192.64615,-229.84113,131.58896,-133.26334,1081.3875
2020/6/25,1738.0,-12.481188,16.328024,31.894825,306.14886,353.09808,241.61177,-187.33752,-227.28592,110.161156,-81.37503,1070.2253
2020/6/26,1749.0,-6.001607,29.813795,17.666407,298.15717,380.09793,250.74031,-124.36917,-263.54013,142.47293,-121.5618,1082.6913
2020/6/27,1749.0,-1.4893525,29.070066,24.23772,275.5659,403.2218,280.59338,-149.37997,-228.13469,120.679886,-96.91995,1074.8342
2020/6/28,1749.0,2.7752974,-6.890266,13.156413,252.71062,425.33722,297.798,-120.7583,-243.28789,138.62671,-98.45296,1072.9779
2020/6/29,1794.0,-0.24394223,-3.1311169,-1.373784,235.60338,438.35626,296.17273,-101.419655,-225.5198,120.198166,-122.55246,1094.7102
2020/6/30,1799.0,-5.193124,-1.9118347,-8.960065,215.8733,451.41135,322.46014,-116.52759,-201.96164,115.682304,-98.617584,1080.8226
2020/7/1,1803.0,-4.01454,1.1263465,-14.706289,196.92746,458.667,333.38187,-102.29082,-213.51216,118.23451,-93.95593,1084.6838
2020/7/2,1823.0,-3.7562375,9.354889,5.88915,147.27365,473.2736,348.13272,-90.78638,-205.35803,124.486916,-87.30148,1075.7063
2020/7/3,1894.0,-0.6992196,5.7172613,-0.75523615,140.20741,479.4224,357.14804,-79.55156,-197.4493,121.810524,-101.04831,1083.5126
2020/7/4,1894.0,-10.256506,7.8782725,9.5597925,95.173294,485.07584,373.27145,-47.86187,-215.23946,115.28501,-60.43181,1069.3385
2020/7/5,1894.0,-3.663826,19.215578,9.478389,107.633736,483.4404,384.63416,-58.507584,-195.71317,112.17107,-71.09903,1078.2391
2020/7/6,1956.0,-2.499329,4.7195077,15.234481,78.3304,493.7484,407.77045,-41.694706,-189.79854,133.26724,-110.58571,1090.7429
2020/7/7,1949.0,-8.5130415,-2.4657922,39.307972,61.60306,496.4651,402.9256,-30.623825,-191.01006,145.70837,-146.76956,1107.9012
2020/7/8,1849.0,-4.801937,1.0423877,20.734211,55.4434,483.00226,429.45767,0.014862061,-200.69513,127.85297,-73.81027,1073.095
2020/7/9,1810.0,12.7488985,-17.689325,36.441364,55.81474,473.5404,441.17596,22.2557,-202.37817,125.49234,-94.85962,1089.6384
2020/7/10,1810.0,14.084363,-32.916664,-16.702547,5.58719,479.72473,457.48886,1.1458435,-173.80011,139.03261,-112.25278,1092.0548
2020/7/11,1810.0,4.488229,-36.741035,-49.993725,-15.398348,473.9136,465.97046,18.019379,-178.23712,139.18045,-98.60568,1085.2078
2020/7/12,1810.0,1.7107449,-2.3904712,-41.32924,-39.162365,446.55875,477.53854,42.013725,-176.85587,137.12175,-124.008804,1097.9373
2020/7/13,1792.0,5.8234363,6.26422,-45.494728,-48.401638,441.71616,479.8664,32.855125,-177.64105,171.53728,-145.99655,1099.7847
2020/7/14,1742.0,7.345975,10.152649,-47.565094,-78.17449,412.58575,493.00314,64.08309,-175.06314,146.2409,-114.29436,1095.244
2020/7/15,1696.0,4.341998,-5.9154205,-33.143726,-99.20814,370.16318,520.0089,64.54597,-158.54008,161.5716,-142.46118,1102.9791
2020/7/16,1699.0,2.7763312,-18.01436,-27.587385,-125.12867,352.51633,521.1072,77.03277,-155.75296,145.49017,-118.73242,1098.2339
2020/7/17,1710.0,0.36914712,-8.235342,-31.510305,-128.71169,324.77625,522.1697,104.265785,-171.1734,174.01477,-140.29314,1102.4641
2020/7/18,1710.0,-1.6648157,2.681106,-31.855642,-138.19383,281.01764,537.3041,105.23026,-166.19374,175.51117,-162.1925,1120.8253
2020/7/19,1710.0,1.6953707,-3.6352208,-14.054273,-146.02812,223.46892,553.5355,123.151665,-162.24655,163.47644,-123.21536,1103.083
2020/7/20,1678.0,1.2742252,2.6498406,7.164608,-148.85141,216.19171,559.1758,107.14132,-139.23065,162.81714,-127.94336,1098.0012
2020/7/21,1594.0,4.13275,-2.8045194,9.340729,-139.73068,156.84654,560.92017,137.11215,-160.45538,179.29182,-130.43242,1103.0908
2020/7/22,1473.0,13.085901,-7.942645,-3.1892514,-133.77704,103.16866,566.3872,174.93881,-145.07086,143.47699,-112.518555,1103.2485
2020/7/23,1388.0,12.307861,-61.842876,-28.285957,-145.58717,90.65624,548.7018,187.53848,-158.70395,197.09508,-186.46239,1119.5883
2020/7/24,1317.0,9.167346,-54.562065,-70.697945,-178.69106,85.05319,542.4977,183.2427,-146.4132,152.72443,-112.99434,1096.715
2020/7/25,1317.0,9.288027,-50.639656,-92.822235,-207.22046,39.07656,556.08344,156.43784,-146.4562,194.20496,-156.7329,1111.6079
2020/7/26,1317.0,2.561509,-16.238396,-109.667145,-225.51466,19.319017,531.4939,181.15714,-147.64465,170.71967,-119.87666,1092.0951
2020/7/27,1293.0,-2.3065777,12.757697,-102.0941,-249.58766,-23.00467,532.37164,208.98721,-136.0979,152.62164,-124.99832,1096.0483
2020/7/28,1264.0,0.4311319,7.073819,-69.014145,-252.3338,-44.300354,545.0058,159.99747,-148.09302,164.31847,-115.101074,1097.683
2020/7/29,1317.0,0.9824921,2.3396032,-34.904507,-263.11862,-67.22781,538.55316,140.1677,-141.35223,202.16867,-169.65198,1114.6127
2020/7/30,1348.0,-1.7408687,6.504606,-13.958698,-272.9546,-81.315315,534.61633,148.24988,-121.05672,165.89882,-140.36897,1103.8893
2020/7/31,1350.0,-7.818038,3.517998,10.797579,-232.69243,-140.71811,522.1196,183.78647,-146.38017,181.7724,-149.77864,1107.455
2020/8/1,1350.0,-3.5333216,0.34458768,38.85493,-220.02148,-159.83383,536.82465,159.25601,-127.91437,142.17981,-88.68886,1089.9878
2020/8/2,1350.0,-0.97536707,-5.0457535,58.2168,-181.06009,-198.45099,509.69507,198.42926,-134.51743,175.98718,-130.34164,1093.994
2020/8/3,1385.0,0.64406717,-2.3822138,56.146202,-165.46849,-236.40443,521.2718,177.3489,-133.14307,177.70787,-127.95531,1103.0392
2020/8/4,1463.0,-5.1975207,1.8382548,46.571148,-113.19072,-271.72858,512.2165,172.54575,-125.12158,192.04744,-149.20186,1103.0204
2020/8/5,1475.0,-9.596715,23.08987,44.213127,-89.188614,-279.93796,520.16565,173.32031,-123.62857,191.95099,-153.20139,1107.0676
2020/8/6,1500.0,-3.1381025,19.107347,60.541245,-53.22085,-287.7074,476.2274,204.17047,-131.50105,187.0074,-137.72179,1106.3138
2020/8/7,1501.0,-1.9284978,13.341793,67.23048,3.4494417,-297.42746,480.07663,178.98074,-116.93135,171.60724,-106.73857,1095.8893
2020/8/8,1501.0,2.142625,-3.3534331,66.07047,38.270687,-288.29395,415.22733,250.96152,-119.910675,175.94263,-123.75841,1097.5725
2020/8/9,1501.0,3.7659547,6.5344,39.089592,56.68213,-290.96408,408.20258,244.3919,-111.36761,186.25275,-143.23543,1102.2446
2020/8/10,1506.0,-0.68814325,-3.325127,28.657616,74.465935,-257.82526,334.53183,269.27924,-97.83121,170.1088,-109.66722,1095.7202
2020/8/11,1510.0,-0.66566944,-13.213983,7.136876,94.818115,-276.5127,352.26166,264.62534,-106.75863,189.86395,-139.55693,1105.0547
2020/8/12,1540.0,-4.9825845,-11.567454,10.617552,97.89603,-256.37332,326.80005,290.66086,-103.663475,219.56375,-191.69138,1114.8823
2020/8/13,1577.0,-7.0631223,2.3487194,-5.750997,87.70908,-202.98357,255.01112,335.10464,-98.41619,181.1152,-118.175705,1090.7668
2020/8/14,1595.0,-10.142887,11.6339855,-21.741724,114.13496,-210.93611,247.97646,325.24426,-97.4985,191.54626,-144.90761,1108.3108
2020/8/15,1595.0,2.0072608,17.943756,15.693983,104.975945,-180.04597,227.54727,345.67676,-99.87349,169.86707,-102.00351,1093.0198
2020/8/16,1595.0,-0.0042710826,8.070211,17.453913,113.584305,-167.88899,206.68073,356.4439,-92.88745,124.925385,-8.674187,1063.3582
2020/8/17,1598.0,-1.909766,2.9023874,17.013832,96.33769,-101.18218,144.50026,376.53543,-88.797745,176.116,-101.95355,1090.0399
2020/8/18,1586.0,-2.9879255,1.8159248,26.801367,98.10612,-117.28857,137.46053,390.428,-84.96733,166.2514,-88.78749,1089.5775
2020/8/19,1568.0,7.333571,-7.822237,7.928238,113.15592,-102.30481,156.096,369.53442,-79.53175,167.91624,-88.84059,1088.4131
2020/8/20,1518.0,5.674502,2.3956356,-9.0152025,85.51026,-56.84306,88.96332,409.0352,-73.52396,159.71931,-89.467316,1088.4697
2020/8/21,1481.0,4.349735,-5.5647216,-18.534512,75.193306,-67.265045,114.17752,400.3005,-85.04783,147.40591,-56.107193,1081.4738
2020/8/22,1481.0,4.295858,-16.68995,-28.754292,29.035227,-28.459688,78.68506,399.1557,-79.91601,197.89357,-132.08342,1102.3687
2020/8/23,1481.0,0.19331188,-7.094863,-42.18862,23.905073,-32.56616,69.16056,411.91306,-69.71308,175.97226,-102.334564,1092.0929
2020/8/24,1491.0,0.88835764,5.2227006,-37.54054,-4.6555367,-23.60106,47.30455,424.17136,-68.21349,156.87122,-74.9565,1087.8271
2020/8/25,1518.0,2.3292942,7.994086,-27.659964,-10.874119,-30.188047,64.935265,411.67578,-53.770554,180.5482,-127.247925,1096.0956
2020/8/26,1509.0,-3.418087,16.349815,-15.45697,-28.219824,-11.528551,13.952521,434.6026,-56.91899,162.01028,-74.686844,1081.7068
2020/8/27,1504.0,1.4541626,8.056591,17.00275,-35.80334,-24.024557,22.100128,427.76895,-66.65792,182.03206,-106.86543,1096.1206
2020/8/28,1488.0,3.1719606,12.051207,5.742011,-42.69007,0.28479266,17.236864,428.43353,-59.579224,174.14598,-97.02411,1090.2958
2020/8/29,1488.0,0.47960526,-17.102911,23.130066,-36.506023,-7.15623,22.405745,416.54172,-44.80429,162.71411,-81.52367,1085.9733
2020/8/30,1488.0,-0.3124455,-9.696292,4.929353,-30.260633,-14.076741,3.7716894,421.95602,-47.69577,174.76639,-99.111984,1095.1799
2020/8/31,1488.0,-2.6061196,2.629257,-7.744866,-33.580475,-17.965662,37.851463,382.38882,-40.682175,188.19118,-120.66579,1101.3235
2020/9/1,1471.0,3.6511137,-2.8995273,22.667923,-30.502464,-19.622671,21.874346,391.5492,-34.95121,191.50815,-114.50571,1094.2831
2020/9/2,1445.0,2.582661,4.5527554,-5.39388,-27.831873,-23.608105,0.9680408,415.42044,-50.443283,194.10071,-127.24118,1103.1713
2020/9/3,1395.0,6.2254763,-5.7134933,-8.864838,-23.67264,-29.037506,2.7107372,416.04474,-31.67359,165.4661,-83.85103,1089.1113
2020/9/4,1362.0,11.401956,-4.7853236,-18.623182,-39.269863,-8.180012,-33.55619,434.40158,-37.36077,176.49681,-101.898346,1093.174
2020/9/5,1362.0,3.2641685,-6.347496,-26.319366,-59.99114,-32.700912,-17.13685,423.0866,-31.066515,169.58414,-104.74359,1095.3416
2020/9/6,1362.0,9.580714,1.316925,-39.123512,-49.298378,-34.89485,-9.97769,389.4006,-28.884882,174.64479,-81.80562,1087.1608
2020/9/7,1349.0,0.71388793,-2.1875257,-35.854275,-66.425865,-38.13935,-23.168758,397.10287,-29.141901,128.26093,-27.581223,1080.1764
2020/9/8,1328.0,-6.7168865,-2.804618,-24.181597,-71.41201,-58.591274,-20.143684,391.29163,-32.683807,156.2717,-75.993515,1097.1781
2020/9/9,1296.0,0.9880278,9.435515,-24.125336,-63.77666,-76.2735,-19.000475,380.2697,-22.472284,189.16927,-103.21701,1091.9272
2020/9/10,1269.0,-3.4060528,-7.5426726,-27.351154,-55.111477,-72.85026,-25.485497,376.7796,-20.651247,167.92473,-86.71242,1095.9354
2020/9/11,1267.0,7.0450873,-6.693788,-17.099588,-66.559204,-93.98219,-33.90002,399.94263,-33.331818,206.67426,-129.57198,1098.5294
2020/9/12,1267.0,5.1533194,-2.2597191,-25.112513,-66.387566,-94.08197,-38.61626,388.14188,-35.757217,179.56255,-95.16312,1094.4994
2020/9/13,1267.0,-2.850165,-5.402635,-10.76346,-80.63965,-90.72726,-83.60836,412.68283,-35.013657,190.80121,-121.691864,1103.0573
2020/9/14,1282.0,-4.1266966,7.9869857,-19.02986,-69.12499,-114.03603,-54.868557,384.34796,-41.780136,184.56052,-95.08496,1092.3304
2020/9/15,1289.0,0.57128835,13.911407,4.2200565,-59.090847,-107.244125,-92.15437,410.8945,-32.389206,186.89677,-103.21571,1092.8867
2020/9/16,1281.0,3.74176,5.360125,6.564665,-52.653954,-118.53364,-67.86082,393.47296,-46.03106,200.95511,-141.35487,1112.1333
2020/9/17,1294.0,1.0093527,-7.156902,9.132713,-33.1954,-125.42266,-91.2787,407.57135,-39.843468,149.18393,-67.30732,1094.4994
2020/9/18,1296.0,1.4987266,-1.4502878,16.493431,-19.600662,-153.23798,-33.68423,360.20044,-40.199295,182.22015,-92.072464,1096.827
2020/9/19,1296.0,-6.3170433,5.0511527,14.367947,-22.61522,-105.61414,-111.42925,378.5352,-38.718643,161.90633,-65.24972,1090.0739
2020/9/20,1296.0,5.990946,-4.0618277,22.550268,-4.0312495,-121.95114,-87.09864,380.98788,-42.92272,170.6622,-76.78537,1089.7998
2020/9/21,1314.0,4.043354,6.874089,20.068365,3.7964263,-99.7465,-131.10388,400.23428,-35.7837,152.98679,-45.32878,1079.0914
2020/9/22,1364.0,-0.04731302,7.8128905,17.848637,2.5188835,-123.29094,-103.77889,366.57742,-35.559097,227.8426,-178.42949,1121.5862
2020/9/23,1426.0,-9.42842,5.951742,20.38842,24.919703,-101.23233,-129.51913,392.49603,-28.19071,159.00972,-57.93599,1082.0111
2020/9/24,1605.0,-5.466151,24.980167,32.737938,30.865925,-101.22294,-117.97237,376.18317,-37.19409,194.41827,-110.292496,1102.9596
2020/9/25,1667.0,-13.036631,36.590538,67.33884,58.301914,-66.69231,-127.600746,347.31735,0.5867672,164.7792,-72.96457,1087.5349
2020/9/26,1667.0,-11.981037,69.52209,96.458,90.14204,-39.922733,-148.55757,366.55038,-9.905287,185.04268,-90.06003,1088.9839
2020/9/27,1667.0,5.603173,50.14606,104.57504,121.94178,-7.9520016,-123.37253,322.52875,19.04624,160.24026,-64.288795,1090.53
2020/9/28,1654.0,-1.0173087,2.3977604,104.784,130.66219,7.927064,-117.23314,308.45566,26.765154,170.68054,-78.2341,1095.2151
2020/9/29,1658.0,-7.363562,-18.176825,70.66496,156.79445,20.505785,-111.88077,298.7604,55.19699,184.5037,-90.05171,1090.012
2020/9/30,1725.0,0.89270794,-15.620419,45.029114,157.91277,45.868423,-104.19736,286.02884,56.064865,176.3299,-90.091,1100.2277
2020/10/1,1869.0,-9.250328,-0.5824316,22.441576,157.25615,69.12905,-117.568,292.63824,60.827072,206.79553,-116.393585,1096.1449
2020/10/2,2020.0,-11.199124,27.012283,24.313282,168.19669,87.52416,-89.75191,266.1781,77.047485,189.64085,-101.49722,1102.9249
2020/10/3,2020.0,-17.36557,73.789215,65.41417,183.41194,107.59123,-62.89214,239.61569,100.386765,174.08719,-69.92175,1090.7533
2020/10/4,2020.0,-1.2661744,65.9029,81.9355,211.69391,127.67077,-49.61896,226.04242,111.14868,165.44437,-53.054153,1092.6404
2020/10/5,2071.0,4.5306735,7.863396,101.924545,223.82494,139.33315,-32.892113,243.52832,107.58214,201.55672,-98.57674,1097.2637
2020/10/6,2097.0,-8.236292,-10.325891,78.00752,223.36778,180.65938,-24.411963,256.7075,117.35854,164.46945,-72.61618,1100.8319
2020/10/7,2044.0,-4.780891,-3.3491788,66.96434,227.41446,195.76851,-11.037566,256.21628,112.74513,186.12744,-89.212326,1105.4921
2020/10/8,1970.0,-7.05582,-12.890149,39.43037,215.32146,218.40532,6.288633,265.93356,108.227066,164.70596,-45.109543,1092.9192
2020/10/9,1892.0,8.325724,-48.54598,-13.390553,212.91815,232.68782,33.616306,267.17297,106.27425,176.9759,-74.013336,1105.7473
